Activity ID,Date,Company,Contact,Type,Summary,Logged By
A-0001,,MA-PETTENGILL ARCHERY,MA-PETTENGILL ARCHERY,Call,Call back Tuesday.,Brent Parker
A-0002,,TN-BENTON SHOOTERS SUPPLY - SI #644,TN-BENTON SHOOTERS SUPPLY,Call,emailed Kade since he wouldn’t be in this week till Saturday. Can call back next week if needed,Brent Parker
A-0003,2026-08-07,MI-KRUZINGA ARCHERY - NABA,MARK KRUIZENGA,Call,8/7: left voicemail and sent email. Call on Monday.,Brent Parker
A-0004,2026-08-07,NM-Hobbs Eagle Archery,BEN,Call,8/7: left voicemail and sent email. Will call Monday,Brent Parker
A-0005,2026-08-07,WA-OBSESSION ARCHERY,WA-OBSESSION ARCHERY,Call,8/7: left voicemail and sent email. Will call Monday,Brent Parker
A-0006,2026-08-07,CANADA-ANTLER RIVER ARCHERY,James Vanos,Call,8/7: called and talked to worker who will let him know I called,Brent Parker
A-0007,2026-08-05,TX-WINCHESTER SPORTMANS OUTFITTERS - SI #1245,shelly or greg,Call,8/5 called and suggested to call back next day.,Brent Parker
A-0008,2026-08-07,TX-WINCHESTER SPORTMANS OUTFITTERS - SI #1245,shelly or greg,Call,8/7: called back and talked with secretary who left message with big sale event taking place,Brent Parker
A-0009,2026-08-05,TX-ARCHERY COUNTRY - SI #970,"TYLER Vanderkolk, Owner",Call,8/5: Would call me back,Brent Parker
A-0010,,MN-AT FULL DRAW LLC SI #1314,WILLY,Call,Call back Monday to talk to willy,Brent Parker
A-0011,2026-08-07,MO-OUTBACK ARCHERY - NABA,Adam,Email,8/7: asked to email order writer,Brent Parker
A-0012,2026-07-30,LA-SIMMONS SPORTING GOODS INC,Todd Wooden,Email,7/30 emailed,Brent Parker
A-0013,2026-07-30,MT - North 40 Outfitters,Connor Olson,Email,7/30 emailed,Brent Parker
A-0014,2026-08-07,MT - North 40 Outfitters,Connor Olson,Call,8/7: called but left message,Brent Parker
A-0015,2026-07-30,MN-H&H ARCHERY SUPPLY,mike,Email,7/30: emailed,Brent Parker
A-0016,2026-07-30,MO-CIMARRON LUMBER & SUPPLY (SUTHERLANDS) - SI #1141,Sports Inc,Email,7/30: emailed,Brent Parker
A-0017,2026-08-07,MO-CIMARRON LUMBER & SUPPLY (SUTHERLANDS) - SI #1141,Sports Inc,Call,8/7: called tom but left message,Brent Parker
A-0018,2026-07-30,PA-LONGS OUTPOST INC,PA-LONGS OUTPOST INC,Call,7/30: talked on the phone and sent updated pricing,Brent Parker
A-0019,2026-08-03,OR-THE BOW RACK - ARRO,wayne and lisa,Call,8/3: looking at broadheads and will call back,Brent Parker
A-0020,2026-07-30,TX-LONE STAR / OUTLAW ARCHERY,William Chambers,Call,7/30: called and sent email to follow up,Brent Parker
A-0021,2026-07-30,IL-STRICTLY ARCHERY - NABA,IL-STRICTLY ARCHERY,Call,7/30: called and said they would be sending in an order,Brent Parker
A-0022,2026-08-05,PA-NATIONAL ARCHERY & OUTDOORS,Ryan,Call,8/5: sent order writer and pricing after speaking on the phone,Brent Parker
A-0023,,Rack Attack,,Call,"called but no answer, left message and emailed",Brent Parker
A-0024,2026-08-05,NC-GRAFTON ARCHERY AND OUTDOORS,JOE DARNELL,Email,8/5: sent email with order writer after speaking to them.,Brent Parker
A-0025,2026-08-05,MO-Winchester Archery LLC,WADE AND PATRICE,Call,8/5: left voicemail and emailed,Brent Parker
A-0026,2026-08-05,MI-FPS ARCHERY,Jonathan Guerusey,Call,8/5: called and sent email with order writer because they wanted to put in an order,Brent Parker
A-0027,2026-08-05,IN-HONEYCREEK TACKLE,Jake,Call,8/5: called and sent email with order writer because they wanted to put in an order,Brent Parker
A-0028,2026-08-06,CANADA-NIGAVA SPORTS DISTRIBUTION,ALAN LECLERC,Call,8/6: called no answer and sent email,Brent Parker
A-0029,2026-08-03,MI-EASTERN WOODS OUTDOORS/HUNTERS DEN,DAN THOMPSON,Call,"8/3: called and left message, and emailed",Brent Parker
A-0030,,IN-SPORTSMANS DENCL,BRIAN SMITH,Call,"tried calling and go nothing, emailed",Brent Parker
A-0031,,MI-LONG RANGE ARCHERY&FIREARMS - SI #1199,DUSTIN MIEDEMA,Email,emailed when no answer and machine was full,Brent Parker
A-0032,,NY-SMITH POINT SPORT - ARRO,JEFF schneider,Call,spoke with individual and asked me to send email to jeff.,Brent Parker
A-0033,2026-08-04,IN-OUTDOORSMAN SPORT SHOP - SI #397,TYLER,Call,8/4: spoke with them and asked for order writer and pricing,Brent Parker
A-0034,,IN-STICKBOW SUPPLIES,IN-STICKBOW SUPPLIES,Call,called no answer and left voice mail and emailed,Brent Parker
A-0035,2026-08-05,IL-GAMEMASTERS - NBS 321,Nick Ingalls,Call,8/5: sent email with orde writer and pricing after chatting on the phone,Brent Parker
A-0036,2026-08-05,OH-OHIO PREMIER ARCHERY AND SPORTS,LUKE OSTOYIC,Call,8/5: sent email with orde writer and pricing after chatting on the phone,Brent Parker
A-0037,2026-08-07,TX-TEXAS ARCHERY - NABA,Joey,Call,8/7: called and will put in an order in the future. Things are going well. New shop and new number along with email,Brent Parker
A-0038,2026-08-07,MS-SIP Outdoors - NABA,Patrick McCraw,Call,8/7: called on phone and need product. Going to send email with order writer and info.,Brent Parker
A-0039,2026-08-07,VT-PELKEYS ARCHERY - ARRO #285,john is owner,Call,8/7: spoke with John and is going to do an order but was waiting. Sending order writer.,Brent Parker
A-0040,2026-08-07,NY-KLEINS ARCHERY - ARRO,NY-ARRO KLEINS ARCHERY,Note,8/7: going to look next week and see if they need more.,Brent Parker
A-0041,2026-08-07,NY-BRONSON BRONSON - NABA - NBS 897,BEN BRONSON,Call,8/7: called and talked to worker who gave me bens email and shot him an email. He is out on a trip.,Brent Parker
A-0042,,ID-DEAD ON ARCHERY - NABA,TJ,Call,Call Back,Brent Parker
A-0043,,AZ-STICK SNIPER ARCHERY,CALEB BREWER,Call,call back,Brent Parker
A-0044,2026-08-14,MN-RUNNINGS SUPPLY INC,MN-RUNNINGS SUPPLY INC,Call,8/14: called and no answer but left voicemail  and sent a follow up email.,Brent Parker
A-0045,2026-08-14,GA-Big Woods Goods,,Call,8/14: they called and want to become dealer. I sent them information on how to become one.,Brent Parker
A-0046,2026-08-07,AR-CHIEFS ARCHERY,TOMMY THOMASON,Note,8/7: good for now but may put in an order in a few weeks.,Brent Parker
A-0047,2026-08-05,AR-OUTDOOR AMERICA - NABA,AARON WEISS,Note,8/5: went to distributor,Brent Parker
A-0048,,NC-YARAK ARCHERY LLC,JOSH JOHNSON,Call,Spoke with Josh and sent an email with order writer and pricing,Brent Parker
A-0049,,CA-TURNERS OUTDOORSMAN - NBS 146 - NABA,CA-TURNERS OUTDOORSMAN,Note,Good to go,Brent Parker
A-0050,,AR-MT GEORGE ARCHERY  - ARRO 259,AR-ARRO-MT GEORGE ARCHERY,Note,Put in order,Brent Parker
A-0051,,IN-LONESOME ELK ARCHERY - NABA,TOM ROTHROCK,Note,put in order,Brent Parker
A-0052,,ND-DEAD MEAT ARCHERY,BEN ORF,Note,Put in an order,Brent Parker
A-0053,,MS-B & B ARCHERY,Rob,Note,good to go and heavy on single bevel,Brent Parker
A-0054,,KY-KENTUCKY GUN CO,SAWYER FILIATREAU,Note,good to go,Brent Parker
A-0055,,WI-WILDERNESS FISH &GAME,CHRIS SCATES,Note,ordered,Brent Parker
A-0056,,AR-FAVORED FOUR INC  - ARRO 572 (DBA Archers Pro Shop),KALINN DAVIS,Note,good to go,Brent Parker
A-0057,,VA-DOUBLE X ARCHERY LLC - NABA,MIKE,Note,good to go,Brent Parker
A-0058,,FL-ARROWHEAD ARCHERY,SEAN SCHAFER,Note,no slow,Brent Parker
A-0059,2026-08-05,MO-THE HUNTING CORNER,NICK,Call,8/5: called and sent email with order writer because they wanted to put in an order,Brent Parker
A-0060,2026-08-07,GA-ROOTS OUTDOORS,JEREMY MCRAE,Call,call back around 3:30 8/7,Brent Parker
A-0061,,The Woodsguys Inc,,Call,Talked with Hayden and they aer good to go,Brent Parker
A-0062,,IL-ZANDERS SPORTING GOODS,IL-ZANDERS SPORTING GOODS,Email,emailed darell and they are up 24% YoY but slow on magnus,Brent Parker
A-0063,,KS-HEARTLAND OUTDOORS - NBS 363,KS-HEARTLAND OUTDOORS,Note,good to go,Brent Parker
A-0064,,TX-PRECISION ARCHERY - NABA,Donnie,Call,Need some and will call back when ready,Brent Parker
A-0065,,KS-BLUESTEM FARM AND RANCH - SI #227,Brian,Note,good to go,Brent Parker
A-0066,,WA-HOOKED ON TOYS,WA-HOOKED ON TOYS,Note,put in order,Brent Parker
A-0067,,KS-COYOTE CREEK ARCHERY LLC,MATT,Note,good to go,Brent Parker
A-0068,,MO-OUTDOOR ADDICTION - ARRO,MO-ARR0-OUTDOOR ADDICTION,Note,good to go,Brent Parker
A-0069,,IL-BLUFF CITY OUTDOORS - ARRO 559,MARK MCMURRAY,Note,ordered,Brent Parker
A-0070,,MT-FLAMING ARROW ARCHERY - NABA,MT-FLAMING ARROW ARCHERY,Call,no answer and called back. Voicemail full. Sent email,Brent Parker
A-0071,,FL-ARROWS UNLIMITED LLC,Bradley Farhat,Note,good to go,Brent Parker
A-0072,,MO-PATRIOT ARCHERY,TROY POLSTON,Note,ordered,Brent Parker
A-0073,,AR-GELLCO - NBS 228,Chase,Note,nope good to go,Brent Parker
A-0074,,AR-JOOTTI OUTDOORS,JEREME BATSON,Call,"No answer, left voicemail and emailed.",Brent Parker
A-0075,2026-08-07,TX-MESQUITE ARCHERY - ARRO,javier,Note,8/7: ordered,Brent Parker
A-0076,2026-08-07,IN-DUTCHMAN HUNTING SUPPLIES - SI #1170,Jerry,Note,8/7: ordered,Brent Parker
A-0077,2026-08-07,AL-BOWHUNTERPROSHOP - NABA,BRANDON,Note,8/7: good to go but have been really busy,Brent Parker
A-0078,2026-08-07,CO-BILL PELLERGRINO'S ARCHERY - NABA,arliss/bill,Call,8/7: called cell since business number wasnt working. No answer and left message. Emailed as well.,Brent Parker
A-0079,2026-08-07,CA-WILLOW CREEK ARCHERY - NABA,BRET SCOTT,Note,8/7: good to go. Slow year. California,Brent Parker
A-0080,2026-08-07,CO-SKI AND BOW RACK,SALLY,Call,8/7: called and individual left note with anthony to call me back. Called back and carrying a lot of product from last year.,Brent Parker
A-0081,2026-08-14,CANADA-BUCKYS SPORT SHOP,CANADA-BUCKYS SPORT SHOP,Note,8/14: trying to sell.,Brent Parker
A-0082,,GA-MITCHS ARCHERY - NABA,GA-MITCHS ARCHERY,Note,good to go,Brent Parker
A-0083,2026-08-17,MS-B & B ARCHERY,Rob,Call,"Good on stock, working through it. Will order more in the spring.",Brent Parker
A-0084,2026-08-18,PA-KINSEY'S,Paul,Email,Emailed Paul to check whether he wants changes to his 8/25 order and to hear how the year is going.,Brent Parker
A-0085,2026-08-18,AL - ODELLS OUTDOORS ARCHERY,LARRY RC ODELL,Call,Called; they would like us to mail them information.,Brent Parker
A-0086,2026-08-18,IL-GAMEMASTERS - NBS 321,Nick Ingalls,Email,Emailed again offering $500 off if ordered before end of August.,Brent Parker
A-0087,2026-08-18,IL-STRICTLY ARCHERY - NABA,IL-STRICTLY ARCHERY,Email,Emailed again offering $500 off if ordered before end of August.,Brent Parker
A-0088,2026-08-18,IN-HONEYCREEK TACKLE,Jake,Email,Emailed again offering $500 off if ordered before end of August.,Brent Parker
A-0089,2026-08-18,MI-FPS ARCHERY,Jonathan Guerusey,Email,Emailed again offering $500 off if ordered before end of August.,Brent Parker
A-0090,2026-08-18,MO-OUTBACK ARCHERY - NABA,Adam,Email,Emailed again offering $500 off if ordered before end of August.,Brent Parker
A-0091,2026-08-18,MS-SIP Outdoors - NABA,Patrick McCraw,Email,Emailed again offering $500 off if ordered before end of August.,Brent Parker
A-0092,2026-08-18,NY-SMITH POINT SPORT - ARRO,JEFF schneider,Email,Emailed again offering $500 off if ordered before end of August.,Brent Parker
A-0093,2026-08-18,NY-BRONSON BRONSON - NABA - NBS 897,BEN BRONSON,Email,Emailed again offering $500 off if ordered before end of August.,Brent Parker
A-0094,2026-08-18,OH-OHIO PREMIER ARCHERY AND SPORTS,LUKE OSTOYIC,Email,Emailed again offering $500 off if ordered before end of August.,Brent Parker
A-0095,2026-08-18,NC-GRAFTON ARCHERY AND OUTDOORS,JOE DARNELL,Email,Emailed again offering $500 off if ordered before end of August.,Brent Parker
A-0096,2026-08-18,PA-LONGS OUTPOST INC,PA-LONGS OUTPOST INC,Email,Emailed again offering $500 off if ordered before end of August.,Brent Parker
A-0097,2026-08-18,PA-NATIONAL ARCHERY & OUTDOORS,Ryan,Email,Emailed again offering $500 off if ordered before end of August.,Brent Parker
A-0098,2026-08-18,TN-BENTON SHOOTERS SUPPLY - SI #644,Kade,Email,Emailed again offering $500 off if ordered before end of August.,Brent Parker
A-0099,2026-08-18,VT-PELKEYS ARCHERY - ARRO #285,john is owner,Email,Emailed again offering $500 off if ordered before end of August.,Brent Parker
A-0100,2026-08-18,MILLS FLEET FARM,Brad,Call,"Called Brad; no answer, left a voicemail.",Brent Parker
A-0101,2026-08-18,MO-OUTBACK ARCHERY - NABA,Adam,Note,Put in an order.,Brent Parker
A-0102,2026-08-18,UT-PACIFIC FLYWAY WHOLESALE,Shafali Ray,Call,Called to find out why sales are lower this year compared to last.,Brent Parker
A-0103,2026-08-18,AL-CHAMBLEY'S ARCHERY,,Call,Not interested at this moment.,Brent Parker
A-0104,2026-08-18,AL-BENNETT'S ARCHERY,Travis,Call,Spoke with Travis (manager); wants an email with pricing and more info.,Brent Parker
A-0105,2026-08-18,AZ-STICK SNIPER ARCHERY,CALEB BREWER,Call,"Called; Caleb was out, another individual answered and info was passed along. Caleb never called back. Emailing to follow up.",Brent Parker
A-0106,2026-08-18,AZ-STICK SNIPER ARCHERY,CALEB BREWER,Email,Emailed Caleb letting him know about $500 off with free shipping.,Brent Parker
A-0107,2026-08-18,CANADA-ANTLER RIVER ARCHERY,JAMES VANOS,Email,Emailed James to see if he is interested in buying any broadheads.,Brent Parker
A-0108,2026-08-18,CANADA-Leapfrog Outdoor Sports and Appare,Robert Mereska,Email,"Emailed Rob about the $1,000 spend gets free shipping offer.",Brent Parker
A-0109,2026-08-18,AR-SLINGIN' ARROWS,B. Smith,Email,Got his email address; sent an email with all our product information.,Brent Parker
A-0110,2026-08-18,IL-BUCK STOP ARCHERY,,Call,"Called; they don't sell fixed-head broadheads much, but move a few a year.",Brent Parker
A-0111,2026-08-18,IN-CUTTING EDGE SPORTING GOODS,Tom,Email,Tom emailed asking us to send over some product information.,Brent Parker
A-0112,2026-08-18,TN-NASHVILLE NORTH ARCHERY - PODIUM,Josh Jones,Text,Texted Josh about getting a replenishment order in.,Brent Parker
A-0113,2026-08-18,WA-SPOKANE VALLEY ARCHERY - PODIUM,Josh Jones,Text,Texted Josh about getting a replenishment order in.,Brent Parker
A-0114,2026-08-18,VT-RACK N REEL - SI #1405,,Call,Called and put in an order — took advantage of the $500 order gets free shipping offer.,Brent Parker
A-0115,2026-08-18,AZ-STICK SNIPER ARCHERY,CALEB BREWER,Email,"Caleb replied by email — likes the new broadheads, but well-stocked right now. Said he'll reach out to order more later in the year.",Brent Parker
A-0116,2026-08-18,CANADA-ANTLER RIVER ARCHERY,JAMES VANOS,Email,James replied — will look at their stock next week.,Brent Parker
A-0117,2026-08-18,AL-DEEPSOUTH ARCHERY,AL-DEEPSOUTH ARCHERY,Email,Emailed offering $500+ order gets free shipping if entered before Sept 5.,Brent Parker
A-0118,2026-08-18,AR - THE FLIGHT SHOP,Wyatt McCaghren,Email,Emailed offering $500+ order gets free shipping if entered before Sept 5.,Brent Parker
A-0119,2026-08-18,AR-CHIEFS ARCHERY,TOMMY THOMASON,Email,Emailed offering $500+ order gets free shipping if entered before Sept 5.,Brent Parker
A-0120,2026-08-18,AR-YELLCO OUTDOOR SUPPLY,Cullen Pfeifer,Email,Emailed offering $500+ order gets free shipping if entered before Sept 5.,Brent Parker
A-0121,2026-08-18,AZ-ROBINSON ARCHERY,BRIAN ROBINSON,Email,Emailed offering $500+ order gets free shipping if entered before Sept 5.,Brent Parker
A-0122,2026-08-18,CA-THE ARCHERY HAVEN,john,Email,Emailed offering $500+ order gets free shipping if entered before Sept 5.,Brent Parker
A-0123,2026-08-18,CO - PAGOSA GUNS,NIGEL HOLMAN,Email,Emailed offering $500+ order gets free shipping if entered before Sept 5.,Brent Parker
A-0124,2026-08-18,CO-SKI AND BOW RACK,SALLY,Email,Emailed offering $500+ order gets free shipping if entered before Sept 5.,Brent Parker
A-0125,2026-08-18,FL-ARROWS UNLIMITED LLC,Bradley Farhat,Email,Emailed offering $500+ order gets free shipping if entered before Sept 5.,Brent Parker
A-0126,2026-08-18,FL-BROTHERS OUTDOORS,AARON FONG,Email,Emailed offering $500+ order gets free shipping if entered before Sept 5.,Brent Parker
A-0127,2026-08-18,GA-CEDAR ROCK OUTFITTERS,EDDIE MCRAE,Email,Emailed offering $500+ order gets free shipping if entered before Sept 5.,Brent Parker
A-0128,2026-08-18,GA-SOUTHERN STYLE ARCHERY,GA-SOUTHERN STYLE ARCHERY,Email,Emailed offering $500+ order gets free shipping if entered before Sept 5.,Brent Parker
A-0129,2026-08-18,IA - U OUTDOORS,Mark Van Meter,Email,Emailed offering $500+ order gets free shipping if entered before Sept 5.,Brent Parker
A-0130,2026-08-18,IA-LONGHORN SADDLERY,IA-LONGHORN SADDLERY,Email,Emailed offering $500+ order gets free shipping if entered before Sept 5.,Brent Parker
A-0131,2026-08-18,IA-PALO OUTDOORS,MATT,Email,Emailed offering $500+ order gets free shipping if entered before Sept 5.,Brent Parker
A-0132,2026-08-18,IL-SNCC OUTDOORS,Troy Norman,Email,Emailed offering $500+ order gets free shipping if entered before Sept 5.,Brent Parker
A-0133,2026-08-18,IN-RWS ARCHERY,RUSSELL,Email,Emailed offering $500+ order gets free shipping if entered before Sept 5.,Brent Parker
A-0134,2026-08-18,IN-Sawyer's Country Edge,IN-Sawyer's Country Edge,Email,Emailed offering $500+ order gets free shipping if entered before Sept 5.,Brent Parker
A-0135,2026-08-18,IN-SPORTSMANS DENCL,BRIAN SMITH,Email,Emailed offering $500+ order gets free shipping if entered before Sept 5.,Brent Parker
A-0136,2026-08-18,KS-3 Sons Archery/DEREK SCHMIDT,KS-3 Sons Archery/DEREK SCHMIDT,Email,Emailed offering $500+ order gets free shipping if entered before Sept 5.,Brent Parker
A-0137,2026-08-18,KS-COYOTE CREEK ARCHERY LLC,MATT,Email,Emailed offering $500+ order gets free shipping if entered before Sept 5.,Brent Parker
A-0138,2026-08-18,KS-G&L ARCHERY,GREG,Email,Emailed offering $500+ order gets free shipping if entered before Sept 5.,Brent Parker
A-0139,2026-08-18,KS-INTIMIDATOR ARCHERY,GRAYDON CLAPP,Email,Emailed offering $500+ order gets free shipping if entered before Sept 5.,Brent Parker
A-0140,2026-08-18,KS-ROOSTERS SPORT HAVEN LLC,GARY,Email,Emailed offering $500+ order gets free shipping if entered before Sept 5.,Brent Parker
A-0141,2026-08-18,KS-UNBOUND ARCHERY LLC,NICK DAWA,Email,Emailed offering $500+ order gets free shipping if entered before Sept 5.,Brent Parker
A-0142,2026-08-18,MA-ARCHERY PLUS,MA-ARCHERY PLUS,Email,Emailed offering $500+ order gets free shipping if entered before Sept 5.,Brent Parker
A-0143,2026-08-18,MA-EAST COAST ARCHERY,Jon Petryk,Email,Emailed offering $500+ order gets free shipping if entered before Sept 5.,Brent Parker
A-0144,2026-08-18,MA-PETTENGILL ARCHERY,MA-PETTENGILL ARCHERY,Email,Emailed offering $500+ order gets free shipping if entered before Sept 5.,Brent Parker
A-0145,2026-08-18,MI- LEVELED OUTDOORS,THOMAS CALAGIRONE,Email,Emailed offering $500+ order gets free shipping if entered before Sept 5.,Brent Parker
A-0146,2026-08-18,MI-CATFISH CUSTOM BOWSTRINGS,MIKE Piechocki,Email,Emailed offering $500+ order gets free shipping if entered before Sept 5.,Brent Parker
A-0147,2026-08-18,MI-THE MINNOW BUCKET@EXIT 222,RON SALANDER,Email,Emailed offering $500+ order gets free shipping if entered before Sept 5.,Brent Parker
A-0148,2026-08-18,MN-RCH ARCHERY,MN-RCH ARCHERY,Email,Emailed offering $500+ order gets free shipping if entered before Sept 5.,Brent Parker
A-0149,2026-08-18,MO - Wild Arrow,Steve Wolk,Email,Emailed offering $500+ order gets free shipping if entered before Sept 5.,Brent Parker
A-0150,2026-08-18,MO-806 Archery LLC,Dillon Roberson,Email,Emailed offering $500+ order gets free shipping if entered before Sept 5.,Brent Parker
A-0151,2026-08-18,MO-HEARTLAND BOW SHOP,JOE REDDING,Email,Emailed offering $500+ order gets free shipping if entered before Sept 5.,Brent Parker
A-0152,2026-08-18,MO-PATRIOT ARCHERY,TROY POLSTON,Email,Emailed offering $500+ order gets free shipping if entered before Sept 5.,Brent Parker
A-0153,2026-08-18,MO-PROMASTER ARCHERY,CHARLIE FORBIS,Email,Emailed offering $500+ order gets free shipping if entered before Sept 5.,Brent Parker
A-0154,2026-08-18,MO-TODDS BOW BARN LLC,TODD DORSEY,Email,Emailed offering $500+ order gets free shipping if entered before Sept 5.,Brent Parker
A-0155,2026-08-18,MT-BADGER ARCHERY - NABA,SARA PFLISTER,Email,Emailed offering $500+ order gets free shipping if entered before Sept 5.,Brent Parker
A-0156,2026-08-18,NC-RIVER BEND OUTDOORS,BRIAN NELSON,Email,Emailed offering $500+ order gets free shipping if entered before Sept 5.,Brent Parker
A-0157,2026-08-18,ND-OAK RIDGE ENTERPRISE,Mike,Email,Emailed offering $500+ order gets free shipping if entered before Sept 5.,Brent Parker
A-0158,2026-08-18,NE-SANDHILLS ARCHERY,CAMERON WORDEN,Email,Emailed offering $500+ order gets free shipping if entered before Sept 5.,Brent Parker
A-0159,2026-08-18,NM-Hobbs Eagle Archery,BEN,Email,Emailed offering $500+ order gets free shipping if entered before Sept 5.,Brent Parker
A-0160,2026-08-18,NY-HIDEAWAY ARCHERY,JILL HEJZA,Email,Emailed offering $500+ order gets free shipping if entered before Sept 5.,Brent Parker
A-0161,2026-08-18,NY-Paese Precision Archery LLC,JOSEPH,Email,Emailed offering $500+ order gets free shipping if entered before Sept 5.,Brent Parker
A-0162,2026-08-18,OH-RIVER EDGE OUTFITTERS GROUP LLC,Tabitha Linscott,Email,Emailed offering $500+ order gets free shipping if entered before Sept 5.,Brent Parker
A-0163,2026-08-18,OH-ROCK SOLID ARCHERY,OH-ROCK SOLID ARCHERY,Email,Emailed offering $500+ order gets free shipping if entered before Sept 5.,Brent Parker
A-0164,2026-08-18,OK-Canyon Road Outfitters,Gregg Perryman,Email,Emailed offering $500+ order gets free shipping if entered before Sept 5.,Brent Parker
A-0165,2026-08-18,OK-NOCKING POINT,RUSSELL YOTT,Email,Emailed offering $500+ order gets free shipping if entered before Sept 5.,Brent Parker
A-0166,2026-08-18,OR-Trinity Outdoors LLC,Jason Folden,Email,Emailed offering $500+ order gets free shipping if entered before Sept 5.,Brent Parker
A-0167,2026-08-18,PA-LAUREL MOUNTAIN OUTFITTERS,RYAN JOBE,Email,Emailed offering $500+ order gets free shipping if entered before Sept 5.,Brent Parker
A-0168,2026-08-18,PA-MACE FAMILY TRADITIONS,PA-MACE FAMILY TRADITIONS,Email,Emailed offering $500+ order gets free shipping if entered before Sept 5.,Brent Parker
A-0169,2026-08-18,SC - Southern Equipment Service (DBA The Wood Shed),Greg Lee,Email,Emailed offering $500+ order gets free shipping if entered before Sept 5.,Brent Parker
A-0170,2026-08-18,SD-ARCHERS ADDICTION LLC,SD-ARCHERS ADDICTION LLC,Email,Emailed offering $500+ order gets free shipping if entered before Sept 5.,Brent Parker
A-0171,2026-08-18,TN-BOWHUNTERS PRO SHOP,JEFF LEDBETTER,Email,Emailed offering $500+ order gets free shipping if entered before Sept 5.,Brent Parker
A-0172,2026-08-18,TN-PACKOUT SUPPLY LLC,GABE SUPINO,Email,Emailed offering $500+ order gets free shipping if entered before Sept 5.,Brent Parker
A-0173,2026-08-18,TX-DOMINION OUTFITTER,MICHAEL PERRY,Email,Emailed offering $500+ order gets free shipping if entered before Sept 5.,Brent Parker
A-0174,2026-08-18,TX-LIVE OAK ARCHERY,sam,Email,Emailed offering $500+ order gets free shipping if entered before Sept 5.,Brent Parker
A-0175,2026-08-18,TX-TROPHY HUNTERS ARCHERY,GARY,Email,Emailed offering $500+ order gets free shipping if entered before Sept 5.,Brent Parker
A-0176,2026-08-18,UT - Safari Tuff,Danny Villarreal,Email,Emailed offering $500+ order gets free shipping if entered before Sept 5.,Brent Parker
A-0177,2026-08-18,WA-CROFT ARCHERY,WA-CROFT ARCHERY,Email,Emailed offering $500+ order gets free shipping if entered before Sept 5.,Brent Parker
A-0178,2026-08-18,WA-OBSESSION ARCHERY,WA-OBSESSION ARCHERY,Email,Emailed offering $500+ order gets free shipping if entered before Sept 5.,Brent Parker
A-0179,2026-08-18,WI - KUF CORP,HADEN KUFAHL,Email,Emailed offering $500+ order gets free shipping if entered before Sept 5.,Brent Parker
A-0180,2026-08-18,WI - Schneider Supplies Inc.,Andy Schneider,Email,Emailed offering $500+ order gets free shipping if entered before Sept 5.,Brent Parker
A-0181,2026-08-18,WV-JAYS BAIT AND TACKLE,KATE,Email,Emailed offering $500+ order gets free shipping if entered before Sept 5.,Brent Parker
A-0182,2026-08-18,AL-BOWHUNTERPROSHOP - NABA,BRANDON,Email,Emailed offering $500+ order gets free shipping if entered before Sept 5.,Brent Parker
A-0183,2026-08-18,AL-SOUTHEAST ARCHERY,Mike Tew,Email,Emailed offering $500+ order gets free shipping if entered before Sept 5.,Brent Parker
A-0184,2026-08-18,AR-ARCHERS ADVANTAGE - NABA,jeremy,Email,Emailed offering $500+ order gets free shipping if entered before Sept 5.,Brent Parker
A-0185,2026-08-18,AR-BETTER OUTDOORS ARCHERY,DALTON,Email,Emailed offering $500+ order gets free shipping if entered before Sept 5.,Brent Parker
A-0186,2026-08-18,AR-DNW OUTDOORS - SI #1389,Will,Email,Emailed offering $500+ order gets free shipping if entered before Sept 5.,Brent Parker
A-0187,2026-08-18,AR-GELLCO - NBS 228,Chase,Email,Emailed offering $500+ order gets free shipping if entered before Sept 5.,Brent Parker
A-0188,2026-08-18,AR-HIDDEN CREEK OUTDOORS - NABA,ANDY MILLER,Email,Emailed offering $500+ order gets free shipping if entered before Sept 5.,Brent Parker
A-0189,2026-08-18,AR-JOOTTI OUTDOORS,JEREME BATSON,Email,Emailed offering $500+ order gets free shipping if entered before Sept 5.,Brent Parker
A-0190,2026-08-18,AR-NESHOBA SPORTS ARCHERY,Nick,Email,Emailed offering $500+ order gets free shipping if entered before Sept 5.,Brent Parker
A-0191,2026-08-18,AR-OUTDOOR AMERICA - NABA,AARON WEISS,Email,Emailed offering $500+ order gets free shipping if entered before Sept 5.,Brent Parker
A-0192,2026-08-18,AR-RAZORBACK ARCHERY - NABA,DAVID GIBSON,Email,Emailed offering $500+ order gets free shipping if entered before Sept 5.,Brent Parker
A-0193,2026-08-18,AR-SOUTHTOWN SPORTING GOODS - SI #638,Brett,Email,Emailed offering $500+ order gets free shipping if entered before Sept 5.,Brent Parker
A-0194,2026-08-18,AZ - BULL BASIN ARCHERY - SI #1366,Bull Basin Archery,Email,Emailed offering $500+ order gets free shipping if entered before Sept 5.,Brent Parker
A-0195,2026-08-18,AZ-ARCHERY HEADQUARTERS - NABA,RANDY IS OWNER,Email,Emailed offering $500+ order gets free shipping if entered before Sept 5.,Brent Parker
A-0196,2026-08-18,"AZ-BEARS ARCHERY, GUNS&PROSPECTING INC",RON OLIVER,Email,Emailed offering $500+ order gets free shipping if entered before Sept 5.,Brent Parker
A-0197,2026-08-18,AZ-CORNER ARCHERY,RHONDA CRABTREE,Email,Emailed offering $500+ order gets free shipping if entered before Sept 5.,Brent Parker
A-0198,2026-08-18,CA-JEFF'S SPECIALTY SPORTS,CA-JEFF'S SPECIALTY SPORTS,Email,Emailed offering $500+ order gets free shipping if entered before Sept 5.,Brent Parker
A-0199,2026-08-18,CA-LODI ARCHERY - NABA,DON TROXELL,Email,Emailed offering $500+ order gets free shipping if entered before Sept 5.,Brent Parker
A-0200,2026-08-18,CA-PACIFICA ARCHERY,CA-PACIFICA ARCHERY,Email,Emailed offering $500+ order gets free shipping if entered before Sept 5.,Brent Parker
A-0201,2026-08-18,CA-PREDATORS ARCHERY - NABA,Curtis,Email,Emailed offering $500+ order gets free shipping if entered before Sept 5.,Brent Parker
A-0202,2026-08-18,CA-THE ARCHERY SHOP-BAKERFIELD - NABA,DON STIDMAN,Email,Emailed offering $500+ order gets free shipping if entered before Sept 5.,Brent Parker
A-0203,2026-08-18,CA-THE BOW RACK OF REDDING,Mike/buyer owner,Email,Emailed offering $500+ order gets free shipping if entered before Sept 5.,Brent Parker
A-0204,2026-08-18,CA-TURNERS OUTDOORSMAN - NBS 146 - NABA,CA-TURNERS OUTDOORSMAN,Email,Emailed offering $500+ order gets free shipping if entered before Sept 5.,Brent Parker
A-0205,2026-08-18,CA-WEST COAST ARCHERY SHOP,WEST COAST ARCHERY SHOP,Email,Emailed offering $500+ order gets free shipping if entered before Sept 5.,Brent Parker
A-0206,2026-08-18,CA-WILLOW CREEK ARCHERY - NABA,BRET SCOTT,Email,Emailed offering $500+ order gets free shipping if entered before Sept 5.,Brent Parker
A-0207,2026-08-18,CO-BEAR CREEK ARCHERY - NABA,Ed and Sandy,Email,Emailed offering $500+ order gets free shipping if entered before Sept 5.,Brent Parker
A-0208,2026-08-18,CO-BILL PELLERGRINO'S ARCHERY - NABA,arliss/bill,Email,Emailed offering $500+ order gets free shipping if entered before Sept 5.,Brent Parker
A-0209,2026-08-18,CO-GOODS FOR THE WOODS,CO-GOODS FOR THE WOODS,Email,Emailed offering $500+ order gets free shipping if entered before Sept 5.,Brent Parker
A-0210,2026-08-18,CO-JAX OUTDOOR GEAR,andy long,Email,Emailed offering $500+ order gets free shipping if entered before Sept 5.,Brent Parker
A-0211,2026-08-18,CO-ROCKY MT SPECIALTY - NABA,Tom/opens at 11cst Clum,Email,Emailed offering $500+ order gets free shipping if entered before Sept 5.,Brent Parker
A-0212,2026-08-18,CT-GREATREE ARCHERY/CARBONPRO,JIM,Email,Emailed offering $500+ order gets free shipping if entered before Sept 5.,Brent Parker
A-0213,2026-08-18,FL-ARROWHEAD ARCHERY,SEAN SCHAFER,Email,Emailed offering $500+ order gets free shipping if entered before Sept 5.,Brent Parker
A-0214,2026-08-18,FL-PRECISION TACTICAL ARMS CO,cam,Email,Emailed offering $500+ order gets free shipping if entered before Sept 5.,Brent Parker
A-0215,2026-08-18,FL-STRAIGHT SHOOTER CUSTOM ARROWS,GEORGE,Email,Emailed offering $500+ order gets free shipping if entered before Sept 5.,Brent Parker
A-0216,2026-08-18,GA - THE OUTDOOR DEPOT - SI #1118,Pat Wiley,Email,Emailed offering $500+ order gets free shipping if entered before Sept 5.,Brent Parker
A-0217,2026-08-18,GA-DIAMONDBACKARCHERY,JAMES WEEKS,Email,Emailed offering $500+ order gets free shipping if entered before Sept 5.,Brent Parker
A-0218,2026-08-18,GA-REEVES HARDWARE CO - NABA,Jeff Houston,Email,Emailed offering $500+ order gets free shipping if entered before Sept 5.,Brent Parker
A-0219,2026-08-18,GA-ROOTS OUTDOORS,JEREMY MCRAE,Email,Emailed offering $500+ order gets free shipping if entered before Sept 5.,Brent Parker
A-0220,2026-08-18,GA-TOP TIER ARCHERY LLC - NABA,ANTHONY HILL,Email,Emailed offering $500+ order gets free shipping if entered before Sept 5.,Brent Parker
A-0221,2026-08-18,HI-J HARA STORE,BRONSON,Email,Emailed offering $500+ order gets free shipping if entered before Sept 5.,Brent Parker
A-0222,2026-08-18,IA-AMERICAN OUTDOORS,sam,Email,Emailed offering $500+ order gets free shipping if entered before Sept 5.,Brent Parker
A-0223,2026-08-18,IA-F6 OUTDOORS,IA-F6 OUTDOORS,Email,Emailed offering $500+ order gets free shipping if entered before Sept 5.,Brent Parker
A-0224,2026-08-18,IA-PLUM CREEK ARCHERY LLC - ARRO 436,"Tom, Bruce, Ben Goldsmith",Email,Emailed offering $500+ order gets free shipping if entered before Sept 5.,Brent Parker
A-0225,2026-08-18,ID-ARCHERY IDAHO - NABA,Patrick,Email,Emailed offering $500+ order gets free shipping if entered before Sept 5.,Brent Parker
A-0226,2026-08-18,ID-BLACKSHEEP SPORTING GOOD - NBS 255,Brandon Krom,Email,Emailed offering $500+ order gets free shipping if entered before Sept 5.,Brent Parker
A-0227,2026-08-18,ID-DEAD ON ARCHERY - NABA,TJ,Email,Emailed offering $500+ order gets free shipping if entered before Sept 5.,Brent Parker
A-0228,2026-08-18,ID-DOWNWIND ARCHERY - NABA,bud robinson,Email,Emailed offering $500+ order gets free shipping if entered before Sept 5.,Brent Parker
A-0229,2026-08-18,ID-NORTH IDAHO ARCHERY - NABA,Jake,Email,Emailed offering $500+ order gets free shipping if entered before Sept 5.,Brent Parker
A-0230,2026-08-18,IL-PRESLEY'S OUTDOORS - SI #717,chad snyder,Email,Emailed offering $500+ order gets free shipping if entered before Sept 5.,Brent Parker
A-0231,2026-08-18,IN-BACKCOUNTRY HUNTING - ARRO,Norman Raber,Email,Emailed offering $500+ order gets free shipping if entered before Sept 5.,Brent Parker
A-0232,2026-08-18,IN-DEAD END ARCHERY - NABA,mark meadows,Email,Emailed offering $500+ order gets free shipping if entered before Sept 5.,Brent Parker
A-0233,2026-08-18,IN-OLD OAK OUTDOORS,DAVIS Liscombe,Email,Emailed offering $500+ order gets free shipping if entered before Sept 5.,Brent Parker
A-0234,2026-08-18,IN-OUTDOORSMAN SPORT SHOP - SI #397,TYLER,Email,Emailed offering $500+ order gets free shipping if entered before Sept 5.,Brent Parker
A-0235,2026-08-18,IN-STICKBOW SUPPLIES,IN-STICKBOW SUPPLIES,Email,Emailed offering $500+ order gets free shipping if entered before Sept 5.,Brent Parker
A-0236,2026-08-18,KS-DIAMOND ARCHERY - NABA,Mike Holland,Email,Emailed offering $500+ order gets free shipping if entered before Sept 5.,Brent Parker
A-0237,2026-08-18,KS-HEARTLAND OUTDOORS - NBS 363,KS-HEARTLAND OUTDOORS,Email,Emailed offering $500+ order gets free shipping if entered before Sept 5.,Brent Parker
A-0238,2026-08-18,KS-JOHN'S SPORTS CENTER,Brett,Email,Emailed offering $500+ order gets free shipping if entered before Sept 5.,Brent Parker
A-0239,2026-08-18,KS-VANDERBILTS HAYS,Grayson,Email,Emailed offering $500+ order gets free shipping if entered before Sept 5.,Brent Parker
A-0240,2026-08-18,KY - Glaubers Sports - SI #851,SPORTS INC,Email,Emailed offering $500+ order gets free shipping if entered before Sept 5.,Brent Parker
A-0241,2026-08-18,KY-HERNDON ARCHERY - NABA,BRIAN SCHIESSER,Email,Emailed offering $500+ order gets free shipping if entered before Sept 5.,Brent Parker
A-0242,2026-08-18,KY-KENTUCKY GUN CO,SAWYER FILIATREAU,Email,Emailed offering $500+ order gets free shipping if entered before Sept 5.,Brent Parker
A-0243,2026-08-18,KY-Shortees Sporting Goods - NABA,Shortees Sporting Goods,Email,Emailed offering $500+ order gets free shipping if entered before Sept 5.,Brent Parker
A-0244,2026-08-18,LA-Archery Outfitters-ARRO #157,ARCHERY OUTFITTERS,Email,Emailed offering $500+ order gets free shipping if entered before Sept 5.,Brent Parker
A-0245,2026-08-18,LA-LAFAYETTE SHOOTERS - SI #432,JOSEPH,Email,Emailed offering $500+ order gets free shipping if entered before Sept 5.,Brent Parker
A-0246,2026-08-18,LA-LOUISANA OUTDOORS - NABA,BRAD,Email,Emailed offering $500+ order gets free shipping if entered before Sept 5.,Brent Parker
A-0247,2026-08-18,LA-SIMMONS SPORTING GOODS INC,Todd Wooden,Email,Emailed offering $500+ order gets free shipping if entered before Sept 5.,Brent Parker
A-0248,2026-08-18,LA-SPILLWAY SPORTSMAN - SI #856,SPENCER GRAHAM,Email,Emailed offering $500+ order gets free shipping if entered before Sept 5.,Brent Parker
A-0249,2026-08-18,LA-SPOTTED DOGS SPORTING GOODS - SI #1265,MICHAEL LITTLE,Email,Emailed offering $500+ order gets free shipping if entered before Sept 5.,Brent Parker
A-0250,2026-08-18,ME-KITTERY TRADING POST SI - #926,ME-KITTERY TRADING POST,Email,Emailed offering $500+ order gets free shipping if entered before Sept 5.,Brent Parker
A-0251,2026-08-18,ME-WABANAKI WILDERNESS,ROBERT DORE,Email,Emailed offering $500+ order gets free shipping if entered before Sept 5.,Brent Parker
A-0252,2026-08-18,MI - JB TOOLS,Chris Fontaine,Email,Emailed offering $500+ order gets free shipping if entered before Sept 5.,Brent Parker
A-0253,2026-08-18,MI-EASTERN WOODS OUTDOORS/HUNTERS DEN,DAN THOMPSON,Email,Emailed offering $500+ order gets free shipping if entered before Sept 5.,Brent Parker
A-0254,2026-08-18,MI-FRANKS GREAT OUTDOORS - SI #290,DON BEAVER,Email,Emailed offering $500+ order gets free shipping if entered before Sept 5.,Brent Parker
A-0255,2026-08-18,MI-HOUTED GROUP LLC - NABA,Dan Osterhout Jr,Email,Emailed offering $500+ order gets free shipping if entered before Sept 5.,Brent Parker
A-0256,2026-08-18,MI-JAY'S SPORTING GOODS - SI #259,BOB KOESPELL BUYER,Email,Emailed offering $500+ order gets free shipping if entered before Sept 5.,Brent Parker
A-0257,2026-08-18,MI-KRUZINGA ARCHERY - NABA,MARK KRUIZENGA,Email,Emailed offering $500+ order gets free shipping if entered before Sept 5.,Brent Parker
A-0258,2026-08-18,MI-LONG RANGE ARCHERY&FIREARMS - SI #1199,DUSTIN MIEDEMA,Email,Emailed offering $500+ order gets free shipping if entered before Sept 5.,Brent Parker
A-0259,2026-08-18,MI-NORTHWOODS WHOLESALE OUTLET - NBS 486,Jim brunette,Email,Emailed offering $500+ order gets free shipping if entered before Sept 5.,Brent Parker
A-0260,2026-08-18,MI-SCHUPBACHS SPORTING GOODS,Rob,Email,Emailed offering $500+ order gets free shipping if entered before Sept 5.,Brent Parker
A-0261,2026-08-18,MI-SUNRISE ARCHERY-NABA,DEREK VAUGHN,Email,Emailed offering $500+ order gets free shipping if entered before Sept 5.,Brent Parker
A-0262,2026-08-18,MI-SUNRY'S ARCHERY OUTDOORS,RYAN PAYTON,Email,Emailed offering $500+ order gets free shipping if entered before Sept 5.,Brent Parker
A-0263,2026-08-18,MI-TOP TEN PERCENT,JEREMY HAWES,Email,Emailed offering $500+ order gets free shipping if entered before Sept 5.,Brent Parker
A-0264,2026-08-18,MN-AT FULL DRAW LLC SI #1314,WILLY,Email,Emailed offering $500+ order gets free shipping if entered before Sept 5.,Brent Parker
A-0265,2026-08-18,MN-COYOTE CREEK OUTDOORS - SI #1217,TRENT/MANAGER,Email,Emailed offering $500+ order gets free shipping if entered before Sept 5.,Brent Parker
A-0266,2026-08-18,MO-BB ARCHERY SALES - NABA,MO-BB ARCHERY SALES,Email,Emailed offering $500+ order gets free shipping if entered before Sept 5.,Brent Parker
A-0267,2026-08-18,MO-JB OUTDOORS - NABA,BRUCE SCHMITTER,Email,Emailed offering $500+ order gets free shipping if entered before Sept 5.,Brent Parker
A-0268,2026-08-18,MO-MIDWEST ARCHERY - SI #1242,BRAD WILLIAMS,Email,Emailed offering $500+ order gets free shipping if entered before Sept 5.,Brent Parker
A-0269,2026-08-18,MO-OZARK MOUNTAIN OUTDOORS - NABA,Trish Forester,Email,Emailed offering $500+ order gets free shipping if entered before Sept 5.,Brent Parker
A-0270,2026-08-18,MO-ROGERS SPORTING GOODS - SI #1123,MO-ROGERS SPORTING GOODS,Email,Emailed offering $500+ order gets free shipping if entered before Sept 5.,Brent Parker
A-0271,2026-08-18,MO-TWISTED ARROW,JIM OR TJ,Email,Emailed offering $500+ order gets free shipping if entered before Sept 5.,Brent Parker
A-0272,2026-08-18,MO-Winchester Archery LLC,WADE AND PATRICE,Email,Emailed offering $500+ order gets free shipping if entered before Sept 5.,Brent Parker
A-0273,2026-08-18,MS-2ND AMENDMENT OUTDOORS - SI #1336,MARK AUSTIN,Email,Emailed offering $500+ order gets free shipping if entered before Sept 5.,Brent Parker
A-0274,2026-08-18,MS-B & B ARCHERY,Rob,Email,Emailed offering $500+ order gets free shipping if entered before Sept 5.,Brent Parker
A-0275,2026-08-18,MS-HUNTERS HAVEN,LOGAN,Email,Emailed offering $500+ order gets free shipping if entered before Sept 5.,Brent Parker
A-0276,2026-08-18,MT - North 40 Outfitters,Connor Olson,Email,Emailed offering $500+ order gets free shipping if entered before Sept 5.,Brent Parker
A-0277,2026-08-18,MT-STRAIGHT 6 ARCHERY - NABA,MT-STRAIGHT 6 ARCHERY,Email,Emailed offering $500+ order gets free shipping if entered before Sept 5.,Brent Parker
A-0278,2026-08-18,MT-SUPERIOR ARCHERY INC - NABA,Rob,Email,Emailed offering $500+ order gets free shipping if entered before Sept 5.,Brent Parker
A-0279,2026-08-18,NH-MORSE SPORTING GOODS #413,NH-MORSE SPORTING GOODS #413,Email,Emailed offering $500+ order gets free shipping if entered before Sept 5.,Brent Parker
A-0280,2026-08-18,NH-PINNACLE SPORTS - SI #1288,NH-PINNACLE SPORTS,Email,Emailed offering $500+ order gets free shipping if entered before Sept 5.,Brent Parker
A-0281,2026-08-18,NJ - Cheyenne Mountain Outfitters - SI #915,NJ - Cheyenne Mountain Outfitters,Email,Emailed offering $500+ order gets free shipping if entered before Sept 5.,Brent Parker
A-0282,2026-08-18,NM-HIT OR MISS ARCHERY - NABA,NEIL OVERBAY,Email,Emailed offering $500+ order gets free shipping if entered before Sept 5.,Brent Parker
A-0283,2026-08-18,NY-EXTREME ARCHERY - NABA,EUGENE,Email,Emailed offering $500+ order gets free shipping if entered before Sept 5.,Brent Parker
A-0284,2026-08-18,NY-LEGENDS OF FALL OUTFITTERS  - NABA #270,JEFF,Email,Emailed offering $500+ order gets free shipping if entered before Sept 5.,Brent Parker
A-0285,2026-08-18,NY-NORTHERN RIDGE OUTDOORS,THOMAS,Email,Emailed offering $500+ order gets free shipping if entered before Sept 5.,Brent Parker
A-0286,2026-08-18,NY-WHITNEYS HUNTING SUPPLY,JAMI,Email,Emailed offering $500+ order gets free shipping if entered before Sept 5.,Brent Parker
A-0287,2026-08-18,OH - McFadden Pharmacy RX Archery ARRO #570,ARRO OFFICE,Email,Emailed offering $500+ order gets free shipping if entered before Sept 5.,Brent Parker
A-0288,2026-08-18,OH-BUCKEYE ARCHERY SUPPLY,BILL FAHL,Email,Emailed offering $500+ order gets free shipping if entered before Sept 5.,Brent Parker
A-0289,2026-08-18,OH-FIN FEATHER FUR OUTFITTERS - NBS 33,OH-FIN FEATHER FUR OUTFITTERS,Email,Emailed offering $500+ order gets free shipping if entered before Sept 5.,Brent Parker
A-0290,2026-08-18,OH-SPORTSMANS DEN - SI #448,"Jack, Al, Josh,",Email,Emailed offering $500+ order gets free shipping if entered before Sept 5.,Brent Parker
A-0291,2026-08-18,OH-WEASNER ARCHERY LLC,RAY WEASNER,Email,Emailed offering $500+ order gets free shipping if entered before Sept 5.,Brent Parker
A-0292,2026-08-18,OK-CHOCTAW ARCHERY,HASKALL,Email,Emailed offering $500+ order gets free shipping if entered before Sept 5.,Brent Parker
A-0293,2026-08-18,OK-H & H SHOOTING SPORTS,Gary Smith,Email,Emailed offering $500+ order gets free shipping if entered before Sept 5.,Brent Parker
A-0294,2026-08-18,OK-OKIE LAND BOWHUNTERS - NABA,BRYN CHAPMAN,Email,Emailed offering $500+ order gets free shipping if entered before Sept 5.,Brent Parker
A-0295,2026-08-18,OK-PATS ARCHERY,DAVID McCoy,Email,Emailed offering $500+ order gets free shipping if entered before Sept 5.,Brent Parker
A-0296,2026-08-18,OR-ARRO-ARCHERY PAST,OR-ARRO-ARCHERY PAST,Email,Emailed offering $500+ order gets free shipping if entered before Sept 5.,Brent Parker
A-0297,2026-08-18,OR-BEN'S ARCHERY - NABA,OR-BEN'S ARCHERY,Email,Emailed offering $500+ order gets free shipping if entered before Sept 5.,Brent Parker
A-0298,2026-08-18,OR-BROKEN ARROW ARCHERY - NABA,CHUCK/jared,Email,Emailed offering $500+ order gets free shipping if entered before Sept 5.,Brent Parker
A-0299,2026-08-18,OR-DEWCLAW ARCHERY,Matt,Email,Emailed offering $500+ order gets free shipping if entered before Sept 5.,Brent Parker
A-0300,2026-08-18,OR-OUTDOORSMAN OREGON - NABA,JOEL,Email,Emailed offering $500+ order gets free shipping if entered before Sept 5.,Brent Parker
A-0301,2026-08-18,OR-THE RILEY STORE - NABA,OR-THE RILEY STORE,Email,Emailed offering $500+ order gets free shipping if entered before Sept 5.,Brent Parker
A-0302,2026-08-18,PA-ARROWHEAD OUTDOORS,MICHAEL WISSEMAN,Email,Emailed offering $500+ order gets free shipping if entered before Sept 5.,Brent Parker
A-0303,2026-08-18,PA-AVERAGE JACK ARCHERY,NATE SELLERS,Email,Emailed offering $500+ order gets free shipping if entered before Sept 5.,Brent Parker
A-0304,2026-08-18,PA-BAKERS ARCHERY SUPPLY - NABA,JASON BAKER,Email,Emailed offering $500+ order gets free shipping if entered before Sept 5.,Brent Parker
A-0305,2026-08-18,PA-DAVES ARCHERY - NABA,PA-DAVES ARCHERY,Email,Emailed offering $500+ order gets free shipping if entered before Sept 5.,Brent Parker
A-0306,2026-08-18,PA-JIMS SPORT CENTER - SI #591,PAT MALLOW,Email,Emailed offering $500+ order gets free shipping if entered before Sept 5.,Brent Parker
A-0307,2026-08-18,PA-JUNIATA TRADING CO - SI #1225,PA-TUNIATA TRADING CO,Email,Emailed offering $500+ order gets free shipping if entered before Sept 5.,Brent Parker
A-0308,2026-08-18,PA-T&S ARCHERY,TODD SCHULTZ,Email,Emailed offering $500+ order gets free shipping if entered before Sept 5.,Brent Parker
A-0309,2026-08-18,SC-HUNTERS HEADQUARTERS - SI #1072,Greg Hughes,Email,Emailed offering $500+ order gets free shipping if entered before Sept 5.,Brent Parker
A-0310,2026-08-18,TN-BENTON SHOOTERS SUPPLY - SI #644,TN-BENTON SHOOTERS SUPPLY,Email,Emailed offering $500+ order gets free shipping if entered before Sept 5.,Brent Parker
A-0311,2026-08-18,TN-CUSTOM GEAR,BRANDON HILL,Email,Emailed offering $500+ order gets free shipping if entered before Sept 5.,Brent Parker
A-0312,2026-08-18,TN-NASHVILLE NORTH ARCHERY - PODIUM,Josh Jones,Email,Emailed offering $500+ order gets free shipping if entered before Sept 5.,Brent Parker
A-0313,2026-08-18,TX-ALVARADO ARCHERY - NABA,TX-ALVARADO ARCHERY,Email,Emailed offering $500+ order gets free shipping if entered before Sept 5.,Brent Parker
A-0314,2026-08-18,TX-ARCHERY COUNTRY - SI #970,"TYLER Vanderkolk, Owner",Email,Emailed offering $500+ order gets free shipping if entered before Sept 5.,Brent Parker
A-0315,2026-08-18,TX-ARCHERY OUTFITTERS INTERNATIONAL - NABA,DAVID,Email,Emailed offering $500+ order gets free shipping if entered before Sept 5.,Brent Parker
A-0316,2026-08-18,TX-ARRO - Fort Grard Guns & Archery #590,ARRO ,Email,Emailed offering $500+ order gets free shipping if entered before Sept 5.,Brent Parker
A-0317,2026-08-18,TX-BIG O'S ARCHERY - NABA,ORVIE CANTRELL JR,Email,Emailed offering $500+ order gets free shipping if entered before Sept 5.,Brent Parker
A-0318,2026-08-18,TX-GATEWAY ARCHERY,JIM FAVER,Email,Emailed offering $500+ order gets free shipping if entered before Sept 5.,Brent Parker
A-0319,2026-08-18,TX-HOFFYS ARCHERY - NBS 625,AARON BARTON,Email,Emailed offering $500+ order gets free shipping if entered before Sept 5.,Brent Parker
A-0320,2026-08-18,TX-LEGACY ARCHERY,ROPER WALL,Email,Emailed offering $500+ order gets free shipping if entered before Sept 5.,Brent Parker
A-0321,2026-08-18,TX-LONE STAR / OUTLAW ARCHERY,William Chambers,Email,Emailed offering $500+ order gets free shipping if entered before Sept 5.,Brent Parker
A-0322,2026-08-18,TX-R & C ARCHERY,ROY,Email,Emailed offering $500+ order gets free shipping if entered before Sept 5.,Brent Parker
A-0323,2026-08-18,TX-TEXAS ARCHERY - NABA,Joey,Email,Emailed offering $500+ order gets free shipping if entered before Sept 5.,Brent Parker
A-0324,2026-08-18,TX-THE BOW ZONE,Will Chambers,Email,Emailed offering $500+ order gets free shipping if entered before Sept 5.,Brent Parker
A-0325,2026-08-18,TX-WEST HOUSTON ARCHERY,Rich,Email,Emailed offering $500+ order gets free shipping if entered before Sept 5.,Brent Parker
A-0326,2026-08-18,VA-HOFFMAN ARCHERY INC - NABA,VA-HOFFMAN ARCHERY INC,Email,Emailed offering $500+ order gets free shipping if entered before Sept 5.,Brent Parker
A-0327,2026-08-18,VT - R&L Archery - NBS 335,Chris,Email,Emailed offering $500+ order gets free shipping if entered before Sept 5.,Brent Parker
A-0328,2026-08-18,VT-PELKEYS ARCHERY - ARRO #285,john is owner,Email,Emailed offering $500+ order gets free shipping if entered before Sept 5.,Brent Parker
A-0329,2026-08-18,WA-BOB'S SPORTING GOODS - NABA,WA-BOB'S SPORTING GOODS,Email,Emailed offering $500+ order gets free shipping if entered before Sept 5.,Brent Parker
A-0330,2026-08-18,WA-Kennewick RANCH AND HOME - NBS 360,CALEB BROWN,Email,Emailed offering $500+ order gets free shipping if entered before Sept 5.,Brent Parker
A-0331,2026-08-18,WA-SPOKANE VALLEY ARCHERY - PODIUM,Josh Jones,Email,Emailed offering $500+ order gets free shipping if entered before Sept 5.,Brent Parker
A-0332,2026-08-18,WI - ANCHOR POINT ARCHERY -ARRO,ARRO INVOICE,Email,Emailed offering $500+ order gets free shipping if entered before Sept 5.,Brent Parker
A-0333,2026-08-18,WI-CRITTERS WOLF RIVER SPORTS - ARRO #603,WI-CRITTERS WOLF RIVER SPORTS,Email,Emailed offering $500+ order gets free shipping if entered before Sept 5.,Brent Parker
A-0334,2026-08-18,WI-PET SUPPLY OUTLET DBA - NABA,JOHN VERGERONT,Email,Emailed offering $500+ order gets free shipping if entered before Sept 5.,Brent Parker
A-0335,2026-08-18,WI-Root River Archery - NABA,Root River Archery,Email,Emailed offering $500+ order gets free shipping if entered before Sept 5.,Brent Parker
A-0336,2026-08-18,WV-ADDINGTONS BOWHUNTER SHOP,FRANK,Email,Emailed offering $500+ order gets free shipping if entered before Sept 5.,Brent Parker
A-0337,2026-08-18,WV-KNOBLEY FARM SPORTSHOP - NABA,Carl and megan burns,Email,Emailed offering $500+ order gets free shipping if entered before Sept 5.,Brent Parker
A-0338,2026-08-18,WV-PC BAIT TACKLE - NABA,MATT JESSE,Email,Emailed offering $500+ order gets free shipping if entered before Sept 5.,Brent Parker
A-0339,2026-08-27,IL-GAMEMASTERS - NBS 321,Nick Ingalls,Email,Sent another email explaining the extra days left before the Sept 5 deadline.,Brent Parker
A-0340,2026-08-27,IL-STRICTLY ARCHERY - NABA,IL-STRICTLY ARCHERY,Email,Sent another email explaining the extra days left before the Sept 5 deadline.,Brent Parker
A-0341,2026-08-27,IN-HONEYCREEK TACKLE,Jake,Email,Sent another email explaining the extra days left before the Sept 5 deadline.,Brent Parker
A-0342,2026-08-27,IN-OUTDOORSMAN SPORT SHOP - SI #397,TYLER,Email,Sent another email explaining the extra days left before the Sept 5 deadline.,Brent Parker
A-0343,2026-08-27,MI-FPS ARCHERY,Jonathan Guerusey,Email,Sent another email explaining the extra days left before the Sept 5 deadline.,Brent Parker
A-0344,2026-08-27,MO-OUTBACK ARCHERY - NABA,Adam,Email,Sent another email explaining the extra days left before the Sept 5 deadline.,Brent Parker
A-0345,2026-08-27,MS-SIP Outdoors - NABA,Patrick McCraw,Email,Sent another email explaining the extra days left before the Sept 5 deadline.,Brent Parker
A-0346,2026-08-27,NY-SMITH POINT SPORT - ARRO,JEFF schneider,Email,Sent another email explaining the extra days left before the Sept 5 deadline.,Brent Parker
A-0347,2026-08-27,NY-BRONSON BRONSON - NABA - NBS 897,BEN BRONSON,Email,Sent another email explaining the extra days left before the Sept 5 deadline.,Brent Parker
A-0348,2026-08-27,OH-OHIO PREMIER ARCHERY AND SPORTS,LUKE OSTOYIC,Email,Sent another email explaining the extra days left before the Sept 5 deadline.,Brent Parker
A-0349,2026-08-27,NC-GRAFTON ARCHERY AND OUTDOORS,JOE DARNELL,Email,Sent another email explaining the extra days left before the Sept 5 deadline.,Brent Parker
A-0350,2026-08-27,PA-LONGS OUTPOST INC,PA-LONGS OUTPOST INC,Email,Sent another email explaining the extra days left before the Sept 5 deadline.,Brent Parker
A-0351,2026-08-27,PA-NATIONAL ARCHERY & OUTDOORS,Ryan,Email,Sent another email explaining the extra days left before the Sept 5 deadline.,Brent Parker
A-0352,2026-08-27,TN-BENTON SHOOTERS SUPPLY - SI #644,Kade,Email,Sent another email explaining the extra days left before the Sept 5 deadline.,Brent Parker
A-0353,2026-08-27,VT-PELKEYS ARCHERY - ARRO #285,john is owner,Email,Sent another email explaining the extra days left before the Sept 5 deadline.,Brent Parker
A-0354,2026-09-16,OH-FIN FEATHER FUR OUTFITTERS - NBS 33,Jason,Call,"Called Jason; no answer, left a message.",Brent Parker
A-0355,2026-09-16,MO-DENNY DENNIS SI #1420,Sean,Call,Called Sean; no answer.,Brent Parker
A-0356,2026-09-16,MO-DENNY DENNIS SI #1420,Sean,Email,"Hey Sean, Hope all is going well at the shop! I had called the shop a few times but didn't get an answer, guessing things are busy with opener just happening. Just wanted to reach out to see how things were going for you guys to kick off the season? Also wanted to check if there was any broadheads needed to fill in gaps that may have happened leading up to the opener. Running a special on any orders over $500 get free shipping.",Brent Parker
A-0357,2026-09-16,NY-KLEINS ARCHERY - ARRO,NY-ARRO KLEINS ARCHERY,Call,"Talked on the phone, went really well. Just need a catalog sent (currently only have a hard copy). Everything else going well, will order more when needed.",Brent Parker
A-0358,2026-09-17,NE-FULL DRAW ARCHERY - ARRO #246,Ken Colgrove,Call,"Talked with Ken Colgrove, went really well. They will put in a fill-in order for this year through the ARRO portal. Contact name corrected from placeholder ""Kent"" to Ken Colgrove.",Brent Parker
A-0359,2026-09-17,CT-HALLS ARROW ARCHERY - ARRO #33,Richard,Call,Talked with Richard. Sitting pretty good on product; will let us know if they need more. Got his email on file.,Brent Parker
A-0360,2026-09-17,MI-AL& PETES SPORT SHOP - ARRO,,Call,"Called; Al/Pete not there, but spoke with someone else who gave a new email address (awaiting the address to add to file) and said she would pass along a note asking whether they need more product.",Brent Parker
A-0361,2026-09-17,WI-J'S ARCHERYPRO SHOP  - ARRO #418,Brian Vogel,Call,Talked with an individual at the shop; Brian Vogel is now the go-to contact going forward. Got his updated email. They are moving a lot of Magnus product. Mentioned to reach out anytime for a reorder — they said okay.,Brent Parker
A-0362,2026-09-17,KS-OVERTONS ARCHERY - ARRO,John,Call,"Talked with John, call went good. Got his new email on file. He put in a small order — things are going good over there.",Brent Parker
A-0363,2026-09-17,MO-54 ARCHERY - ARRO,Richard Green,Call,"Called to check in; Richard unavailable, spoke with someone else at the shop. Captured email on file. Season slow to start and weather-dependent — no reorder needed right now.",Brent Parker
A-0364,2026-09-17,OH-THE ARCHERY SHOP - ARRO,,Note,Shop is closed / out of business. Marked Inactive.,Brent Parker
A-0365,2026-09-17,SD-ARCHERY OUTFITTERS - ARRO,,Call,"Called to update contact info and share product news. Confirmed email and address (1811 North Lowell Avenue). Shop is well-stocked, carrying ~100 grain buzz cut and a 100 grain two-blade. Shared news on the new 150 grain single bevel with bleeder blade (left/right and buzz cut versions), selling well, plus a 125 grain single-bevel-with-bleeder version dropping in 2027 (3 AeroCost, 3.99 MSRP, three-pack like other SKUs). Retailer noted survival depends on service as online/big-box erode sales, and discussed decline of small brands (Shuttle-T, Rocky Mountain) amid consolidation pressure.",Brent Parker
A-0366,2026-09-17,MI-GRAND VALLEY SPORTING GOODS - ARRO #383,Jon,Call,"Quick check-in call to update contact info. Confirmed sales email and contact name Jon (file previously only had a generic ARRO AP email). Magnus is performing well for them: reliable fixed blade, lifetime warranty is a selling point. Low-poundage two-blade favored for younger/lower-poundage shooters. Recently brought in single-bevels for trad customers.",Brent Parker
A-0367,2026-09-17,PA-LITTLE MOUNTAIN OUTFITTERS - ARRO,Terry,Call,"Quick check-in call to update contact email on file (previous was ARRO-only) — now terry@littlemountainoutfitters.com, contact Terry. Shop is busy overall, Terry hoping to get out hunting this fall. Magnus product doing decently, stock levels sufficient, seeing more customers trying it. No reorder needed now; offered to help when they need to fill in.",Brent Parker
A-0368,2026-09-17,KY-O'BRIENS ARCHERY - ARRO #323,Junie,Call,"Called Junie (owner) to capture an email for the system and check in. Shop moved to a new location Nov 1 last year; business picking up this year. Bike horns selling well, also moving some new single-bevels. Discussed roadmap: 150gr single bevel w/ bleeder blade out this year, 125gr coming next year. Junie requested a 100gr single-bevel — weight is the blocker, would likely need a vent in the main blade, raising structural integrity concerns.",Brent Parker
A-0369,2026-09-17,TX-NOCKED & LOADED - ARRO,sam beasley,Call,"Call went well; got their email (awaiting the address to add to file). He was in the middle of talking with someone else, so did not get into whether they need product. Follow up soon.",Brent Parker
A-0370,2026-09-17,MN-SCHAFFER PERFORMANCE ARCHERY - ARRO,john,Call,Quick call to update contact email and resolve a shipment mix-up: last shipment included 6 packs of serrated KBS BC 150-2s instead of the regular KBS BC 150-2s ordered. Plan: ship 6 packs of the regular version and send a return label for the serrated ones.,Brent Parker
A-0371,2026-09-17,IL-PIKE COUNTY ARCHERY - ARRO 280,Scott,Call,Called; they are slammed and did not have time to give an email. Call back 9/18.,Brent Parker
A-0372,2026-09-17,IL-PEKIN BASS&BOW - ARRO 265,MERLE,Call,"Brief outreach call to update contact info. Confirmed email on file. Sales reported slow, attributed to hot weather. Invited them to reorder broadheads once business picks up.",Brent Parker
A-0373,2026-09-23,TX-WEST HOUSTON ARCHERY,Adrian,Call,Called; they are down to just black hornets and will likely need to replace some — need to follow up with an email. Confirmed wharchery@gmail.com is still the right email. Told to get a hold of Adrian going forward; Rich is no longer the primary contact there.,Brent Parker
A-0374,2026-09-23,TX-WEST HOUSTON ARCHERY,Adrian,Email,Emailed Adrian introducing myself as their new contact and offering to send an order writer for a fill-in order. Mentioned any orders over 00 get free shipping.,Brent Parker
A-0375,2026-09-23,CO-WESTERN RECREATION,Brad Love,Email,"Emailed Brad Love to check in on the fall season and see how Magnus is performing for them this year, and offered to help with any fill-ins to finish out the season.",Brent Parker
A-0376,2026-09-23,IL-STRICTLY ARCHERY - NABA,Scott,Call,"Checked in with Scott about a potential order. He is overstocked from last year and currently heavy on inventory, and has been busy with marine work — will review what he needs before ordering.",Brent Parker
A-0377,2026-09-23,TX-ARCHERY COUNTRY - SI #970,Jordan,Call,"Called; Jordan answered and gave his email (awaiting the address to add to file). Following up with pricing and a general update. Jordan said they do not need product right now but will shortly, and will get back to us on an order.",Brent Parker
A-0378,2026-09-29,MI-KRUZINGA ARCHERY - NABA,MARK KRUIZENGA,Call,"Checked in with Mark ahead of the season. He is running low on Magnus broadheads, which he prefers to be heading into season before regrouping. Confirmed markk@westmirealty.com is still his best contact email.",Brent Parker
A-0379,2026-09-29,VT-PELKEYS ARCHERY - ARRO #285,john is owner,Call,Called John; things are going good for him. Sitting good on Magnus product.,Brent Parker
A-0380,2026-09-29,WI-WILDERNESS FISH &GAME,CHRIS SCATES,Call,"Chris placed a fill-in broadhead order. Also flagged that the last invoice payment has not been received — Tom is the accounts payable contact, got his email for invoicing.",Brent Parker
A-0381,2026-09-29,MI-HESPERIA SPORT SHOP  - ARRO #382,,Call,Checked in on early-season Magnus sales. Jim (usual contact) was not available. Shop reports still well-stocked on Magnus product heading into the season. Collected a general shop email (previously only had the ARRO AP address on file).,Brent Parker
A-0382,2026-09-29,NY-FLYING ARROW SPORTS CORP - ARRO #272,,Call,Called and reached them. Doing good so far with plenty in stock. Said they would call in an order if that changes.,Brent Parker
A-0383,2026-09-29,MT-BADGER ARCHERY - NABA,SARA PFLISTER,Call,"Talked to Sarah. She normally buys 1Z2Zs through Lancaster, but said she would come talk to us at ATA in January.",Brent Parker
A-0384,2026-09-29,MN-COYOTE CREEK OUTDOORS - SI #1217,Stacy,Call,"Called; they will probably need to order some stuff. Likely a smaller order to get through the rest of the year, then a bigger order at the start of next year. Updated contact to Stacy — Trent (the previous contact) has left.",Brent Parker
A-0385,2026-09-29,MN-H&H ARCHERY SUPPLY,Matt,Email,Emailed Matt to see how they were doing and check if they needed any more heads.,Brent Parker
A-0386,2026-09-29,MO-BLACK WIDOW,,Email,Emailed to check in and ask how things were going.,Brent Parker
