Company ID,Company Name,Type,Buy Group Network,Status,Sales Rep,Payment Terms,Phone,Email,Website,Primary Contact,Last Contacted,Notes
CO-0001,AK-FULL CURL ARCHERY,Dealer,,Active,,PREPAID,907-830-2089,,,DAVID,,
CO-0002,AL - ODELLS OUTDOORS ARCHERY,Dealer,,Active,,PREPAID,12565613791,,,LARRY RC ODELL,2026-08-18,
CO-0003,AL-BOWHUNTERPROSHOP - NABA,Buy Group,NABA,Active,,Net 30,251-675-1000,bowhunterproshop@gmail.com,,BRANDON,2026-08-18,
CO-0004,AL-DEEPSOUTH ARCHERY,Dealer,,Inactive,,PREPAID,334-796-5759,deepsoutharchery2021@yahoo.com,,AL-DEEPSOUTH ARCHERY,2026-08-18,
CO-0005,AL-SOUTHEAST ARCHERY,Buy Group,,Active,,PREPAID,334-446-6198,southeast.archery14@gmail.com,,Mike Tew,2026-08-18,
CO-0006,AR - THE FLIGHT SHOP,Dealer,,Active,,PREPAID,5016976116,wyatt@theflightshops.com,,Wyatt McCaghren,2026-08-18,
CO-0007,AR-ARCHERS ADVANTAGE - NABA,Buy Group,NABA,Active,Brent Parker,Net 30,501 663 2245,accountspayable@archers-advantage.com,,jeremy,2026-08-18,"Tags: NABA, Buy Group"
CO-0008,AR-ARKANSAS TRADING & LOAN - ARRO 387,Buy Group,ARRO,Active,,NET 45,479-967-4867,Ap@archeryretailers.com,,ARKANSAS TRADING & LOAN,,
CO-0009,AR-BETTER OUTDOORS ARCHERY,Buy Group,,Active,,NET 45,870-475-3337,betteroutdoorarchery@gmail.com,,DALTON,2026-08-18,
CO-0010,AR-CHIEFS ARCHERY,Dealer,,Active,,PREPAID,501-416-6711,chiefsarchery@gmail.com,,TOMMY THOMASON,2026-08-18,
CO-0011,AR-DNW OUTDOORS - SI #1389,Buy Group,Sports Inc,Active,,Net 30,870 972 5827,wmarriott@dnwoutdoors.com,,Will,2026-08-18,
CO-0012,AR-FAVORED FOUR INC  - ARRO 572 (DBA Archers Pro Shop),Buy Group,ARRO,Active,,NET 45,870-435-4343,Ap@archeryretailers.com,,KALINN DAVIS,,
CO-0013,AR-GELLCO - NBS 228,Buy Group,NBS,Active,,Net 30,479-646-2402,office@gellcooutdoors.com,,Chase,2026-08-18,
CO-0014,AR-HIDDEN CREEK OUTDOORS - NABA,Buy Group,NABA,Active,,Net 30,870-368-4361,hiddencreekoutdoors@gmail.com,,ANDY MILLER,2026-08-18,"Address: 81 Main St, Melbourne, AR 72556"
CO-0015,AR-HUNTERS REFUGE - NBS 234,Buy Group,NBS,Active,,Net 30,870-247-9000,brent@huntersrefuge.com,,AR-HUNTERS REFUGE,,
CO-0016,AR-JOOTTI OUTDOORS,Buy Group,,Active,,PREPAID,479-800-4468,jbatson@jootti.com,,JEREME BATSON,2026-08-18,
CO-0017,AR-MT GEORGE ARCHERY  - ARRO 259,Buy Group,ARRO,Active,,NET 45,479-576-2786,ap@archeryretailers.com,,AR-ARRO-MT GEORGE ARCHERY,,
CO-0018,AR-NESHOBA SPORTS ARCHERY,Buy Group,,Active,,Net 30,501-887-9055,NESHOBA@ARKANSAS.NET,,Nick,2026-08-18,
CO-0019,AR-OUTDOOR AMERICA - NABA,Buy Group,NABA,Active,,Net 30,479-872-6003,outdooramericaarchery@gmail.com,,AARON WEISS,2026-08-18,
CO-0020,AR-RAZORBACK ARCHERY - NABA,Buy Group,NABA,Active,,Net 30,870-994-7850,david.gibsong2@yahoo.com,,DAVID GIBSON,2026-08-18,
CO-0021,AR-SOUTHTOWN SPORTING GOODS - SI #638,Buy Group,Sports Inc,Active,,Net 15,479 443 7148,b.aggstsg@gmail.com,,Brett,2026-08-18,
CO-0022,AR-YELLCO OUTDOOR SUPPLY,Dealer,,Active,,PREPAID,,yellcooutdoorsupply@gmail.com,,Cullen Pfeifer,2026-08-18,
CO-0023,AUSTRALIA-ARCHERY SUPPLIES,Buy Group,,Active,,Net 60,,archeryshop@archeryshop.com.au,,AUSTRALIA-ARCHERY SUPPLIES,,
CO-0024,AUSTRALIA-OZ HUNTING AND BOWS,Buy Group,,Active,,PREPAID,03 95709100,chris@ozhuntingandbows.com.au,,CHRIS WELLNER,,UPS account to ship with Expedited (9A91R2
CO-0025,AZ - BULL BASIN ARCHERY - SI #1366,Buy Group,Sports Inc,Active,Brent Parker,Net 30,928 526 1025,BBAFLAG@GMAIL.COM,,Bull Basin Archery,2026-08-18,
CO-0026,AZ-ARCHERY HEADQUARTERS - NABA,Buy Group,NABA,Active,,Net 30,480-961-3100,archeryhq@hotmail.com,,RANDY IS OWNER,2026-08-18,
CO-0027,"AZ-BEARS ARCHERY, GUNS&PROSPECTING INC",Buy Group,,Active,,Net 30,928-733-5102,bearguns@gmail.com,,RON OLIVER,2026-08-18,
CO-0028,AZ-CHANDLER SCHEELS,Big Box,,Active,,Net 30,,,,AZ-CHANDLER SCHEELS,,"freight collect fed ex 792379370
zip: 58103 | Tags: Scheels"
CO-0029,AZ-CORNER ARCHERY,Buy Group,,Active,,Net 30,623-842-3337,cornerarchery@gmail.com,,RHONDA CRABTREE,2026-08-18,
CO-0030,AZ-FOUR PEAKS ARCHERY,Dealer,,Active,,PREPAID,480-834-0958,fourpeaks@gwestoffice.net,,STEVEN,,
CO-0031,AZ-ROBINSON ARCHERY,Dealer,,Active,,PREPAID,520-275-8150,robinsonarchery@gmail.com,,BRIAN ROBINSON,2026-08-18,
CO-0032,"AZ-ROSS OUTDOORS, LLC - SI #1379",Buy Group,Sports Inc,Active,,Net 30,,scout@rossoutdoors.com,,DAVID,,
CO-0033,AZ-STICK SNIPER ARCHERY,Buy Group,,Active,,PREPAID,520-747-3875,stickssniperarchery@gmail.com,,CALEB BREWER,2026-08-18,
CO-0034,BELGUIM-SPORTING GOODS C,Distributor,,Active,,PREPAID,32(0)50 42 72 40,"Axel@ssa-archery.be,jill@ssa-archery.be",,BELGUIM-SPORTING GOODS C,,
CO-0035,CA-BOW N ARROW SHOP,Buy Group,,Active,,Net 30,619-443-5488,bownarrow.ink@gmail.com,,nick,,
CO-0036,CA-JEFF'S SPECIALTY SPORTS,Buy Group,,Active,,PREPAID,626-921-5071,info@jeffsspecialtysports.com,,CA-JEFF'S SPECIALTY SPORTS,2026-08-18,
CO-0037,CA-LODI ARCHERY - NABA,Buy Group,NABA,Active,,Net 30,209-727-7116,lodiarchery@hotmail.com,,DON TROXELL,2026-08-18,
CO-0038,CA-MARIN ARCHERY  - ARRO - 514,Buy Group,ARRO,Active,,NET 45,415-862-7769,ap@archeryretailers.com,,CA-ARRO-MARIN ARCHERY,,
CO-0039,CANADA-ANTLER RIVER ARCHERY,Dealer,,Active,,PREPAID,519-203-1600,antlerriverarcheryinc@gmail.com,,JAMES VANOS,2026-08-18,
CO-0040,CANADA-ARCHERS NOOK,Dealer,,Active,,PREPAID,519-455-3021,archnook@execulink.com,,Richard,,
CO-0041,CANADA-BIG TIMBER ARCHERY HUNTING,Buy Group,,Active,,PREPAID,780-539-9594,gorde@bigtimberarchery.com,,GORDON ELLIS,,
CO-0042,CANADA-BUCKYS SPORT SHOP,Dealer,,Active,,PREPAID,250-746-4923,buckys@live.ca,,CANADA-BUCKYS SPORT SHOP,2026-08-14,
CO-0043,CANADA-CANADA ARCHERY ONLINE,Buy Group,,Active,,PREPAID,,purchasing@canadaarcheryonline.com,,GORD,,
CO-0044,CANADA-GOLDEN ARROW,Distributor,,Active,,Net 30,306-757-1221,goldenarrow@sasktel.net,,CANADA-GOLDEN ARROW,,
CO-0045,CANADA-HARDCOREARCHERY,Buy Group,,Active,,PREPAID,250-861-5297,,,Kenneth Deadmarsh,,
CO-0046,"CANADA-HEIGHTS ARCHERY RANGE, INC",Buy Group,,Active,,PREPAID,204-832-4421,jason@heightsoutdoors.com,,jason sweet,,
CO-0047,CANADA-JIM BOWS ARCHERY,Dealer,,Active,,PREPAID,403-250-7713,info@jimbowsarchery.ca,,JIM JOHNSON,,
CO-0048,CANADA-Leapfrog Outdoor Sports and Appare,Dealer,,Active,,PREPAID,587-486-0563,rob@leapfrogoutdoor.ca,,Robert Mereska,2026-08-18,
CO-0049,CANADA-LODGEPOLE OUTDOORS,Dealer,,Active,,PREPAID,587-340-1049,,,Jascha Handel,,
CO-0050,CANADA-NIGAVA SPORTS DISTRIBUTION,Distributor,,Active,,PREPAID,418-889-0909,alain@nigavasports.ca,,ALAN LECLERC,2026-08-06,
CO-0051,CANADA-SHOOTERS CHOICE LTD - ARRO 441,Buy Group,,Active,,NET 45,519 746 8139,ap@archeryretailers.com,,Sanders Wong,,
CO-0052,Canada-Tyee Archery and Outdoors,Dealer,,Active,Brent Parker,Net 30,778/470/0389,paige@tyeearchery.ca,,Paige Graves,,
CO-0053,CA-OC ARCHERY - NABA,Buy Group,NABA,Active,,Net 30,949-916-6855,infor@ocarchery.com,,megan,,
CO-0054,CA-PACIFICA ARCHERY,Buy Group,,Active,,PREPAID,650-756-4868,info@pacificaarchery.com,,CA-PACIFICA ARCHERY,2026-08-18,
CO-0055,CA-PREDATORS ARCHERY - NABA,Buy Group,NABA,Active,,Net 30,408-842-7733,predator@garlic.com,,Curtis,2026-08-18,
CO-0056,CA-RIVERSIDE ARCHERY,Buy Group,,Active,,PREPAID,951-684-9192,chris@riversidearcheryca.net,,CA-RIVERSIDE ARCHERY,,
CO-0057,CA-THE ARCHERY HAVEN,Dealer,,Active,,PREPAID,559-592-4556,exstreamhunter@msn.com,,john,2026-08-18,
CO-0058,CA-THE ARCHERY SHOP-BAKERFIELD - NABA,Buy Group,NABA,Active,,Net 30,661-631-9040,1elk@bak.rr.com,,DON STIDMAN,2026-08-18,
CO-0059,CA-THE BOW RACK OF REDDING,Buy Group,,Active,,Net 30,530-243-5181,thebowrack@sbcglobal.net,,Mike/buyer owner,2026-08-18,
CO-0060,CA-THECROSSBOWSTORE.COM - NABA,Buy Group,NABA,Active,Brent Parker,Net 30,,accounting@thecrossbowstore.com,,Tim,,SHIP FREIGHT COLLECT Fedex account 672810230
CO-0061,CA-TURNERS OUTDOORSMAN - NBS 146 - NABA,Buy Group,"NBS, NABA",Active,,Net 30,909-923-7582,RSimoneau@turners.com,,CA-TURNERS OUTDOORSMAN,2026-08-18,
CO-0062,CA-WEST COAST ARCHERY SHOP,Buy Group,,Active,Brent Parker,PREPAID,707-766-9971,,,WEST COAST ARCHERY SHOP,2026-08-18,freight collect: xxxxxxxxxx
CO-0063,CA-WILDERNESS ARCHERY - SI #1394,Buy Group,Sports Inc,Active,,Net 30,916-630-8700,info@wildernessarchery.com,,Matt,,
CO-0064,CA-WILLOW CREEK ARCHERY - NABA,Buy Group,NABA,Active,,Net 30,951-587-9928,willowcreekarchery@outlook.com,,BRET SCOTT,2026-08-18,
CO-0065,CO - PAGOSA GUNS,Dealer,,Active,,PREPAID,619 890 1137,Nigelh888@gmail.com,,NIGEL HOLMAN,2026-08-18,
CO-0066,CO-ARCHERY DEPOT,Dealer,,Active,,PREPAID,970-351-8262,,,JAN,,
CO-0067,CO-BEAR CREEK ARCHERY - NABA,Buy Group,NABA,Active,,Net 30,303-781-8733,bearcreek@bearcreekarchery.com,,Ed and Sandy,2026-08-18,
CO-0068,CO-BILL PELLERGRINO'S ARCHERY - NABA,Buy Group,NABA,Active,,Net 30,719-638-0554,billincamo@aol.com,,arliss/bill,2026-08-18,
CO-0069,CO-COLORADO SPRINGS SCHEELS,Big Box,,Active,,Net 30,469-854-7500,CO_AP@scheels.com,,CO-COLORADO SPRINGS SCHEELS,,"freight collect fed ex 792379370
zip: 58103 | Tags: Scheels"
CO-0070,CO-GOODS FOR THE WOODS,Buy Group,,Active,,Net 30,970-247-5725,goodsforthewoods1@yahoo.com,,CO-GOODS FOR THE WOODS,2026-08-18,
CO-0071,CO-JAX OUTDOOR GEAR,Buy Group,,Active,,Net 30,515-292-2276,andy.long@jaxgoods.com,,andy long,2026-08-18,
CO-0072,CO-JOHNSTOWN SCHEELS,Big Box,,Active,,Net 30,,co_ap@scheels.com,,CO-JOHNSTOWN SCHEELS,,"freight collect fed ex 792379370
zip: 58103 | Tags: Scheels"
CO-0073,CO-RED ROCK ARCHERY,Buy Group,,Active,,COD,970-241-2697,loose_arrows10@yahoo.com,,Gabe,,
CO-0074,CO-ROCKY MT SPECIALTY - NABA,Buy Group,NABA,Active,,Net 30,303-421-2259,chris@rmsgear.com,,Tom/opens at 11cst Clum,2026-08-18,
CO-0075,CO-SKI AND BOW RACK,Dealer,,Active,,Net 30,970-264-2370,info@skiandbowrack.com,,SALLY,2026-08-18,
CO-0076,CO-WESTERN RECREATION,Distributor,,Active,,Net 30,719-539-1295,"stan@wribiz.net,snblove@wribiz.net",,Brad Love,2026-09-23,
CO-0077,Craig patrick - Archery Cartel,Dealer,,Active,,PREPAID,,Archerycartel@gmail.com,,Craig patrick,,"4259 0710 1319 0740
03/30
283"
CO-0078,CT-GREATREE ARCHERY/CARBONPRO,Buy Group,,Active,,PREPAID,860-432-5522,JIM@GREATREEARCHERY.COM,,JIM,2026-08-18,
CO-0079,CT-HALLS ARROW ARCHERY - ARRO #33,Buy Group,ARRO,Active,,Net 30,860-646-4565,richard@hallsarrow.com,,Richard,2026-09-17,
CO-0080,DE-BLACK BEAR ARCHERY - ARRO #372,Buy Group,ARRO,Active,,NET 45,302-832-2373,ap@archeryretailers.com,,DE-ARRO-BLACK BEAR ARCHERY#372,,
CO-0081,DE-BOWZNAMMO - ARRO 542,Buy Group,ARRO,Active,,NET 45,302-603-4738,ap@archeryretailers.com,,STEVE,,
CO-0082,DEL - colin Helton,Other,,Active,,Web Order,5024039253,colinhelton@outlook.com,,colin Helton,,
CO-0083,Deven Cohan-Dutcher,Other,,Active,,Web Order,608-302-1056,Dutcherdeven2@gmail.com,,Deven Cohan-Dutcher,,
CO-0084,Ethan Cannon-Ziolko,Other,,Active,,Web Order,5038605622,ethanccz10@gmail.com,,Ethan Cannon-Ziolko,,
CO-0085,FL-ADVENTURES ARCHERY,Distributor,,Active,,Net 30,813 664 8700,AP@ADVENTURESARCHERY.COM,,MARK IS OWNER,,
CO-0086,FL-ARROWHEAD ARCHERY,Buy Group,,Active,,PREPAID,813-621-4279,accounts@arrowheadarcheryshop.com,,SEAN SCHAFER,2026-08-18,
CO-0087,FL-ARROWS UNLIMITED LLC,Dealer,,Active,,PREPAID,904-579-4603,arrowsunlimited2022@gmail.com,,Bradley Farhat,2026-08-18,
CO-0088,FL-BROTHERS OUTDOORS,Dealer,,Active,,PREPAID,941-702-5853,brothersoutdoorsfl@gmail.com,,AARON FONG,2026-08-18,
CO-0089,FL-EASY RIDE ARCHERY,Dealer,,Active,,PREPAID,850-250-1188,bowhunter32423@gmail.com,,FL-EASY RIDE ARCHERY,,
CO-0090,FL-GREEN ACRES SPORTING GOODS,Dealer,,Active,,PREPAID,,,,FL-GREEN ACRES SPORTING GOODS,,
CO-0091,FL-MARKSMAN ARCHERY,Dealer,,Active,,PREPAID,772-634-0651,,,PHILLIP MARKS,,
CO-0092,FL-PRECISION TACTICAL ARMS CO,Buy Group,,Active,,PREPAID,850-902-6162,sales@ptarms.com,,cam,2026-08-18,
CO-0093,FL-STRAIGHT SHOOTER CUSTOM ARROWS,Buy Group,,Active,,PREPAID,352-396-6060,georgejmanganaro@gmail.com,,GEORGE,2026-08-18,
CO-0094,FRANCE-ARCHERIE MANIA,VIP,,Active,,Net 60,,contact@archeriemania.com,,FRANCE-ARCHERIE MANIA,,
CO-0095,FRANCE-LAS DISTRIBUTION,Distributor,,Active,,PREPAID,33 4 92 91 40 50,LAS.DISTRI@orange.fr,,Jean-Regis Derre ESTELLE,,
CO-0096,France-Liberte Outdoors,Buy Group,,Active,,PREPAID,6124128200,contact.liberteoutdoors@gmail.com,,Charles Bruxelle,,
CO-0097,GA - THE OUTDOOR DEPOT - SI #1118,Buy Group,Sports Inc,Active,Brent Parker,Net 30,770 539 9653,PATWILEY19@GMAIL.COM,,Pat Wiley,2026-08-18,
CO-0098,GA-221 GUN & PAWN LLC,Dealer,,Active,,PREPAID,,sales@221gunandpawn.com,,TYLER CLIFTON,,
CO-0099,GA-BOWHUNTERS SUPPLY,Distributor,,Active,Brent Parker,Net 60,770-834-3044,chris@bowshopsupply.com,,Chris,,UPS FREIGHT COLLECT (need #)
CO-0100,GA-CEDAR ROCK OUTFITTERS,Dealer,,Active,,PREPAID,706-553-3337,cedarrockoutfitter@gmail.com,,EDDIE MCRAE,2026-08-18,
CO-0101,GA-DIAMONDBACKARCHERY,Buy Group,,Active,,PREPAID,706-872-4336,diamondbackarchery@yahoo.com,,JAMES WEEKS,2026-08-18,
CO-0102,"GA-Feathers & Antlers Outdoors, LLC - NBS #879",Buy Group,NBS,Active,Brent Parker,Net 30,706-559-0104,sandra@feathersandantlersoutdoors.com,,Sandra Evans,,"Tags: Buy Group,NBS"
CO-0103,GA-MITCHS ARCHERY - NABA,Buy Group,NABA,Active,,Net 30,770-479-7004,msaxon1257@gmail.com,,GA-MITCHS ARCHERY,,
CO-0104,GA-REEVES HARDWARE CO - NABA,Buy Group,NABA,Active,,Net 30,(706) 782-4253,ap@reevesacehardware.com,,Jeff Houston,2026-08-18,
CO-0105,GA-ROOTS OUTDOORS,Buy Group,,Active,,PREPAID,404-967-6194,shannon@roots-outdoors.com,,JEREMY MCRAE,2026-08-18,
CO-0106,GA-Short and Paulk Supply Company ,Dealer,,Active,,Net 30,229 252 2555,atucker@shortpaulk.com,,Ashlyn Tucker,,
CO-0107,GA-SOUTHERN STYLE ARCHERY,Dealer,,Active,,PREPAID,(706) 676-7300,southernstylearchery@gmail.com,,GA-SOUTHERN STYLE ARCHERY,2026-08-18,
CO-0108,GA-TOP TIER ARCHERY LLC - NABA,Buy Group,NABA,Active,,Net 30,770-836-8891,toptierarchery@yahoo.com,,ANTHONY HILL,2026-08-18,
CO-0109,guest-checkout-company,Other,,Active,Brent Parker,PREPAID,'+13097140705,markbowles94@gmail.com,,marcus bowles,,
CO-0110,HI-J HARA STORE,Buy Group,,Active,,PREPAID,(808) 966-5462,jharaarchery@gmail.com,,BRONSON,2026-08-18,
CO-0111,IA - U OUTDOORS,Dealer,,Active,,PREPAID,17155731517,uoutdoors1@gmail.com,,Mark Van Meter,2026-08-18,
CO-0112,IA-AMERICAN OUTDOORS,Buy Group,,Active,,NET 45,319-385-7255,info@mrsdoepee.com,,sam,2026-08-18,
CO-0113,IA-Anthem Archery - ARRO 520,Buy Group,ARRO,Active,,NET 45,563-382-4755,ap@archeryretailers.com,,DREW NEILSON,,
CO-0114,IA-ARCHERY FIELD&SPORTS - ARRO #3,Buy Group,ARRO,Active,,NET 45,515-265-6500,ap@archeryretailers.com,,mark,,
CO-0115,IA-BLUFF CITY OUTDOORS,Buy Group,,Inactive,,NET 45,(618) 465-6175,,,jEFF,,
CO-0116,IA-CEDAR FALLS SCHEELS,Big Box,,Active,,Net 30,319-277-3033,co_ap@scheels.com,,IA-CEDAR FALLS SCHEELS,,"freight collect fed ex 792379370
zip: 58103 | Tags: Scheels"
CO-0117,IA-DES MOINES SCHEELS,Big Box,,Active,,Net 30,515-727-4065,co_ap@scheels.com,,chris carlson,,"freight collect fed ex 792379370
zip: 58103 | Tags: Scheels"
CO-0118,IA-F6 OUTDOORS,Buy Group,,Active,,PREPAID,319-986-5355,f6outdoors@gmail.com,,IA-F6 OUTDOORS,2026-08-18,
CO-0119,IA-IOWA CITY SCHEELS,Big Box,,Active,,Net 30,319-625-9959,co_ap@scheels.com,,josh,,"freight collect fed ex 792379370
zip: 58103 | Tags: Scheels"
CO-0120,IA-LONGHORN SADDLERY,Dealer,,Active,,PREPAID,563-583-0116,t.longhorndbq@gmail.com,,IA-LONGHORN SADDLERY,2026-08-18,
CO-0121,IA-PALO OUTDOORS,Dealer,,Active,,PREPAID,319-851-5290,palobowdoc@palo-outdoors.com,,MATT,2026-08-18,
CO-0122,IA-PLUM CREEK ARCHERY LLC - ARRO 436,Buy Group,ARRO,Active,,NET 45,563-875-7525,pcastaff@plumcreekarchery.com,,"Tom, Bruce, Ben Goldsmith",2026-08-18,
CO-0123,IA-SOUTHERN HILLS SCHEELS,Big Box,,Active,,Net 30,712-252-1551,co_ap@scheels.com,,nate,,"freight collect fed ex 792379370
zip: 58103 | Tags: Scheels"
CO-0124,IA-TED ZANGERLE-HUNTING PUBLIC,Other,,Active,,Net 60,,tedzangerle@gmail.com,,IA-TED ZANGERLE-HUNTING PUBLIC,,
CO-0125,IA-THE HUNTING PUBLIC,Other,,Active,,Net 60,,aaron@woodsguys.com,,AARON,,
CO-0126,ID-ARCHERY IDAHO - NABA,Buy Group,NABA,Active,,Net 30,208-524-0161,pkosmicki@archeryidaho.com,,Patrick,2026-08-18,
CO-0127,ID-BLACKSHEEP SPORTING GOOD - NBS 255,Buy Group,NBS,Active,,Net 30,208 667 7831,brandon@blacksheepidaho.com,,Brandon Krom,2026-08-18,
CO-0128,ID-DEAD ON ARCHERY - NABA,Buy Group,NABA,Active,,Net 30,208 922 9744,tj5@deadonarchery.com,,TJ,2026-08-18,
CO-0129,ID-DOWNWIND ARCHERY - NABA,Buy Group,NABA,Active,,Net 30,208-523-2237,downwind@ida.net,,bud robinson,2026-08-18,
CO-0130,ID-MERIDIAN SCHEELS,Big Box,,Active,,Net 30,,co_ap@scheels.com,,ID-MERIDIAN SCHEELS,,"freight collect fed ex 792379370
zip: 58103 | Tags: Scheels"
CO-0131,ID-NORTH IDAHO ARCHERY - NABA,Buy Group,NABA,Active,,Net 30,208-292-4662,Northidahoarchery208@gmail.com,,Jake,2026-08-18,
CO-0132,IL-BLUFF CITY OUTDOORS - ARRO 559,Buy Group,ARRO,Active,,NET 45,618-465-6175,ap@archeryretailers.com,,MARK MCMURRAY,,
CO-0133,IL-GAMEMASTERS - NBS 321,Buy Group,NBS,Active,,Net 30,217-221-9300,nick.ingalls@gamemastersinc.net,,Nick Ingalls,2026-08-27,
CO-0134,IL-OUTDOORSMANS SPORT SHOP - ARRO #432,Buy Group,ARRO,Active,,NET 45,847-746-1331,ap@archeryretailers.com,,IL-ARRO-OUTDOORSMANS SPORT SHOP#432,,
CO-0135,IL-OUTRAGEOUS OUTDOORS - ARRO #465,Buy Group,ARRO,Active,,NET 45,618-639-4867,ap@archeryretailers.com,,IL-ARRO-OUTRAGEOUS OUTDOORS#465,,
CO-0136,IL-PEKIN BASS&BOW - ARRO 265,Buy Group,ARRO,Active,,NET 45,309-347-3334,pekinbassandbow@gmail.com,,MERLE,2026-09-17,
CO-0137,IL-PIKE COUNTY ARCHERY - ARRO 280,Buy Group,ARRO,Active,,NET 45,217-285-1610,ap@archeryretailers.com,,Scott,2026-09-17,
CO-0138,IL-PRESLEY'S OUTDOORS - SI #717,Buy Group,Sports Inc,Active,,Net 30,309-697-1193,chad@presleysoutdoors.com,,chad snyder,2026-08-18,
CO-0139,IL-QUINCY BOW PRO - ARRO,Buy Group,ARRO,Active,,NET 45,217-222-2222,ap@archeryretailers.com,,IL-ARRO-QUINCY BOW PRO,,
CO-0140,IL-SMILEYS SPORT SHOP - ARRO,Buy Group,ARRO,Active,,NET 45,309-663-1133,ap@archeryretailers.com,,IL-ARRO-SMILEYS SPORT SHOP,,
CO-0141,IL-SNCC OUTDOORS,Dealer,,Active,,PREPAID,,sncc75@gmail.com,,Troy Norman,2026-08-18,
CO-0142,IL-SPRINGFIELD SCHEELS,Big Box,,Active,,Net 30,217-726-6330,co_ap@scheels.com,,IL-SPRINGFIELD SCHEELS,,"freight collect fed ex 792379370
zip: 58103 | Tags: Scheels"
CO-0143,IL-STEWART ARCHERY,Buy Group,,Active,,PREPAID,(217) 549-8671,browndog@consolidated.net,,John,,
CO-0144,IL-STRICTLY ARCHERY - NABA,Buy Group,NABA,Active,,Net 30,815-741-0900,scottb@strictlyarchery.com,,Scott,2026-09-23,
CO-0145,IL-ZANDERS SPORTING GOODS,Distributor,,Active,,Net 30,buyer phone 618-443-2,darell@gzanders.com,,IL-ZANDERS SPORTING GOODS,,"freight collect UPS 601011
Zip: 62286"
CO-0146,IN-3 Rivers Archery,Distributor,,Active,Brent Parker,Net 30,260-587-1020,dean@3riversarchery.com,,Dean VanderHorst ,,"Collect - UPS Ground - 445024
zip 46705"
CO-0147,IN-BACKCOUNTRY HUNTING - ARRO,Buy Group,ARRO,Active,,NET 45,812-444-9357,normraberbro@gmail.com,,Norman Raber,2026-08-18,
CO-0148,IN-DEAD END ARCHERY - NABA,Buy Group,NABA,Active,,Net 30,765-798-3667,deadendarc@gmail.com,,mark meadows,2026-08-18,
CO-0149,IN-DUTCHMAN HUNTING SUPPLIES - SI #1170,Buy Group,Sports Inc,Active,,Net 30,260-768-3283,jhhoch95@gmail.com,,Jerry,2026-08-07,
CO-0150,IN-GREAT OUTDOORS INDIANA - SI #695,Buy Group,Sports Inc,Active,,NET 45,812-482-4867,greatoutdoors.in@gmail.com,,Kevin Shepard,,
CO-0151,IN-GUN WORLD AND SPORTING GOODS - SI #1344,Buy Group,Sports Inc,Active,,Net 30,812-738-0935,"gunworldcorydon@gmail.com,gunworldwendy@gmail.com",,GREG,,
CO-0152,IN-HONEYCREEK TACKLE,Buy Group,,Active,,Net 30,317-422-0102,jake@honeycreektackle.com,,Jake,2026-08-27,
CO-0153,IN-INSIDE OUT ARCHERY,Buy Group,,Active,,Net 30,765 625 2163,insideoutbowstrings@yahoo.com,,jeff,,
CO-0154,IN-LONESOME ELK ARCHERY - NABA,Buy Group,NABA,Active,,Net 30,812-466-2391,lonesomeelk@aol.com,,TOM ROTHROCK,,
CO-0155,IN-OLD OAK OUTDOORS,Buy Group,,Active,,PREPAID,,oldoaksoutdoors@gmail.com,,DAVIS Liscombe,2026-08-18,
CO-0156,IN-ON TARGET OUTDOORS - ARRO #394,Buy Group,ARRO,Active,,NET 45,812-623-2300,ap@archeryretailers.com,,IN-ARRO-ON TARGET OUTDOORS#394,,
CO-0157,IN-OUTDOORSMAN SPORT SHOP - SI #397,Buy Group,Sports Inc,Active,,Net 30,317-881-7446,BECKY@OUTDOORSMANSPORTSHOP.COM,,TYLER,2026-08-27,
CO-0158,IN-PARKER'S ARCHERY - ARRO,Buy Group,ARRO,Active,,NET 45,812-829-1144,ap@archeryretailers.com,,JEFF,,
CO-0159,IN-RWS ARCHERY,Dealer,,Active,,Net 60,812-243-8461,packerfan1211@rocketmail.com,,RUSSELL,2026-08-18,
CO-0160,IN-Sawyer's Country Edge,Dealer,,Active,,PREPAID,574-529-0748,jeanie@sawyerscountryedge.com,,IN-Sawyer's Country Edge,2026-08-18,
CO-0161,IN-SPORTSMANS DENCL,Dealer,,Active,,PREPAID,219-374-6990,sportsmansdencl@gmail.com,,BRIAN SMITH,2026-08-18,
CO-0162,IN-STICKBOW SUPPLIES,Buy Group,,Active,,Net 15,765-318-8153,stickbowsupplies@gmail.com,,IN-STICKBOW SUPPLIES,2026-08-18,
CO-0163,IN-THE RUSTY BUCK - ARRO,Buy Group,ARRO,Active,,NET 45,812-609-4064,ap@archeryretailers.com,,IN-ARRO-THE RUSTY BUCK,,
CO-0164,Ishmael Sanchez-Leo,Other,,Active,,Web Order,,ishmael.s.leo@gmail.com,,Ishmael Sanchez-Leo,,
CO-0165,ITALY-BIGNAMI SPA,Distributor,,Active,,PREPAID,,debora.ferrazza@bignami.it,,ITALY-BIGNAMI SPA,,
CO-0166,Jesse Zbinden-Brassard,Other,,Active,,Web Order,2625657016,Jessezb@icloud.com,,Jesse Zbinden-Brassard,,
CO-0167,KS - P&S Security,Dealer,,Active,,Net 30,620-796-2133,rob@pssecurity.net,,Rob Roblyer,,
CO-0168,KS-3 Sons Archery/DEREK SCHMIDT,Dealer,,Active,,PREPAID,,dereklschmidt@hotmail.com,,KS-3 Sons Archery/DEREK SCHMIDT,2026-08-18,
CO-0169,KS-BLUESTEM FARM AND RANCH - SI #227,Buy Group,Sports Inc,Active,,Net 30,620 342 5502,brian@bluestemfarmandranch.com,,Brian,,
CO-0170,KS-COYOTE CREEK ARCHERY LLC,Dealer,,Active,,PREPAID,785-380-8671,coyotecreekarchery@gmail.com,,MATT,2026-08-18,
CO-0171,KS-DIAMOND ARCHERY - NABA,Buy Group,NABA,Active,,Net 30,316-265-0651,mikeh@diamondarchery.net,,Mike Holland,2026-08-18,
CO-0172,KS-G&L ARCHERY,Dealer,,Active,,COD,620-225-5767,pattonauto@gmail.com,,GREG,2026-08-18,
CO-0173,KS-GENES HEARTLAND FOODS - ARRO,Buy Group,ARRO,Active,,NET 45,316-524-3238,ap@archeryretailers.com,,KS-ARRO-GENES HEARTLAND FOODS,,
CO-0174,KS-HEARTLAND OUTDOORS - NBS 363,Buy Group,NBS,Active,,Net 30,620-664-6103,jenny@heartlandoutdoor.com,,KS-HEARTLAND OUTDOORS,2026-08-18,
CO-0175,KS-INTIMIDATOR ARCHERY,Dealer,,Active,,PREPAID,785-259-4451,clapp61@yahoo.com,,GRAYDON CLAPP,2026-08-18,
CO-0176,KS-JOHN'S SPORTS CENTER,Buy Group,,Active,,Net 30,620-231-7740,Accounting@johnssportcenter.com,,Brett,2026-08-18,
CO-0177,KS-KANSAS ARCHERY CENTER,Dealer,,Active,,PREPAID,785-539-0200,,,JIM CARLSON,,
CO-0178,KS-NICKS ARCHERY,Dealer,,Active,,PREPAID,620 584 6949,,,KS-NICKS ARCHERY,,
CO-0179,KS-OVERLAND PARK SCHEELS,Big Box,,Active,,Net 30,913-897-3030,co_ap@scheels.com,,KS-OVERLAND PARK SCHEELS,,"freight collect fed ex 792379370
zip: 58103 | Tags: Scheels"
CO-0180,KS-OVERTONS ARCHERY - ARRO,Buy Group,ARRO,Active,,NET 45,785 832 1654,jonroverton@gmail.com,,John,2026-09-17,
CO-0181,KS-ROOSTERS SPORT HAVEN LLC,Dealer,,Active,,PREPAID,620-339-9451,garyt8367@gmail.com,,GARY,2026-08-18,
CO-0182,KS-ROTH OUTDOORS,Buy Group,,Active,,PREPAID,(913) 594-7052,,,DAVE ROTH,,
CO-0183,KS-UNBOUND ARCHERY LLC,Dealer,,Active,,PREPAID,,nicholasdawa@gmail.com,,NICK DAWA,2026-08-18,
CO-0184,KS-VANDERBILTS HAYS,Buy Group,,Active,,Net 30,785-628-3257,vanderbilts05@gmail.com,,Grayson,2026-08-18,
CO-0185,KS-WICHITA SCHEELS,Big Box,,Active,,Net 30,,co_ap@scheels.com,,KS-WICHITA SCHEELS,,"freight collect fed ex 792379370
zip: 58103 | Tags: Scheels"
CO-0186,KS-WILDLIFE CREATIONS TAXIDERMY,Dealer,,Active,,PREPAID,,,,KS-WILDLIFE CREATIONS TAXIDERMY,,
CO-0187,KY - Glaubers Sports - SI #851,Buy Group,Sports Inc,Active,Brent Parker,Net 30,,importinvoice@hq.sportsinc.com,,SPORTS INC,2026-08-18,
CO-0188,KY - PADUCAH SHOOTERS SUPPLY - NBS,Buy Group,NBS,Active,Brent Parker,Net 30,270-443-3758,info@pssguns.com,, PADUCAH SHOOTERS SUPPLY,,
CO-0189,KY - UNCLE LEE'S - NBS 436,Buy Group,NBS,Active,Brent Parker,Net 30,2706410753,bo@budsgunshop.com,,Bo McGregor,,"Tags: NBS,Buy Group"
CO-0190,KY-BIG SOUTH FORK OUTDOORS - ARRO,Dealer,,Active,,NET 45,,ap@archeryretailers.com,,KY-ARRO-BIG SOUTH FORK OUTDOORS,,
CO-0191,KY-FILLINTAGSOUTDOORS,Dealer,,Active,,PREPAID,68984163,sillintagsoutdoors@gmail.com,,GARY MAYOTT,,
CO-0192,KY-HERNDON ARCHERY - NABA,Buy Group,NABA,Active,,Net 30,270-206-1228,bigbeararchery@outlook.com,,BRIAN SCHIESSER,2026-08-18,
CO-0193,KY-HUNTERS FRIEND,Dealer,,Active,,PREPAID,606-297-1011,,,KY-HUNTERS FRIEND,,
CO-0194,KY-KENTUCKY GUN CO,Buy Group,,Active,,PREPAID,502-348-3594 ext 410,Sawyer.Filiatreau@kygunco.com,,SAWYER FILIATREAU,2026-08-18,
CO-0195,KY-KINSEYS SOUTH,Distributor,,Active,,Net 30,,ap@kinseysinc.com,,KY-KINSEYS SOUTH,,
CO-0196,KY-LAST ARROW ARCHERY,Dealer,,Active,,PREPAID,,,,DARRELL HALL,,
CO-0197,KY-O'BRIENS ARCHERY - ARRO #323,Buy Group,ARRO,Active,,NET 45,606-928-3625,superxring@gmail.com,,Junie,2026-09-17,Shop moved to a new location Nov 1 last year; business picking up this year.
CO-0198,KY-ON TARGET - ARRO,Buy Group,ARRO,Active,,NET 45,606-763-9461,ap@archeryretailers.com,,matt,,
CO-0199,KY-Shortees Sporting Goods - NABA,Buy Group,NABA,Active,Brent Parker,Net 30,670-478-1115,triplebarchery777@gmail.com,,Shortees Sporting Goods,2026-08-18,"Tags: NABA,Buy Group"
CO-0200,LA-Archery Outfitters-ARRO #157,Buy Group,ARRO,Active,Brent Parker,NET 45,337-582-1994,karchery@yahoo.com,,ARCHERY OUTFITTERS,2026-08-18,
CO-0201,LA-HEWITTS INC - ARRO,Buy Group,ARRO,Active,,NET 45,318-757-3319,ap@archeryretailers.com,,LA-ARRO-HEWITTS INC,,
CO-0202,LA-HOOT&HOLLER ARCHERY - NABA,Buy Group,NABA,Active,,Net 30,318-747-6501,hharchery@yahoo.com,,KENNETH HEMPHILL,,"Kathleen Hemphill
4733 4469 8789 0457
05/27
086
2657 Vanceville rd. BOSSIER CITY
LA
71111"
CO-0203,LA-LAFAYETTE SHOOTERS - SI #432,Buy Group,Sports Inc,Active,,Net 30,337-988-1191,jmenard@lafayetteshooters.com,,JOSEPH,2026-08-18,
CO-0204,LA-LOUISANA OUTDOORS - NABA,Buy Group,NABA,Active,,Net 30,985-863-5263,brad@louisiana-outdoors.com,,BRAD,2026-08-18,
CO-0205,LA-SIMMONS SPORTING GOODS INC,Buy Group,NBS,Active,Brent Parker,Net 30,(318) 283-2688,toddw@simmonssg.com,,Todd Wooden,2026-08-18,
CO-0206,LA-SPILLWAY SPORTSMAN - SI #856,Buy Group,Sports Inc,Active,,Net 30,225-749-3680,spencer@spillwaysportsman.com,,SPENCER GRAHAM,2026-08-18,
CO-0207,LA-SPOTTED DOGS SPORTING GOODS - SI #1265,Buy Group,Sports Inc,Active,,Net 30,318) 649-7004,spotteddogoffice@gmail.com,,MICHAEL LITTLE,2026-08-18,
CO-0208,LA-TYNER PETRUS CO MILL ST - ARRO,Buy Group,ARRO,Active,,NET 45,318-388-3788,ap@archeryretailers.com,,DONNIE,,
CO-0209,MA - Northeast Archery Labs LLC,Dealer,,Active,Brent Parker,PREPAID,508-377-8000,northeastarcherylabs@gmail.com,northeastarcherylabs.com,Jeff Birdwell,,"Jeff A Birdwell
5556 7521 9120 2020
10/30
476"
CO-0210,MA-ARCHERY PLUS,Dealer,,Active,,PREPAID,508-885-3336,bowhunt604@yahoo.com,,MA-ARCHERY PLUS,2026-08-18,
CO-0211,MA-EAST COAST ARCHERY,Dealer,,Active,,PREPAID,,eastcoastarcheryshop@gmail.com,,Jon Petryk,2026-08-18,
CO-0212,MA-GRRR GEAR INC - ARRO,Buy Group,ARRO,Active,,NET 45,978-544-5444,ap@archeryretailers.com,,MA-ARRO-GRRR GEAR INC,,
CO-0213,MA-PETTENGILL ARCHERY,Dealer,,Active,,PREPAID,(413) 537-1444,pettengillarchery@gmail.com,,MA-PETTENGILL ARCHERY,2026-08-18,
CO-0214,MA-R&R SPORT SHOP - ARRO,Buy Group,ARRO,Active,,NET 45,413-323-6785,ap@archeryretailers.com,,jim collins,,
CO-0215,MA-XSPOT ARCHERY - ARRO,Buy Group,ARRO,Active,,NET 45,508-399-6762,ap@archeryretailers.com,,ALBERT ADDESSI,,
CO-0216,MD-BOSWELL'S,Dealer,,Active,,PREPAID,301-739-3632,,,MD-BOSWELL'S,,
CO-0217,ME-KITTERY TRADING POST SI - #926,Buy Group,Sports Inc,Active,,Net 60,,payables@ktp.com,,ME-KITTERY TRADING POST,2026-08-18,
CO-0218,ME-WABANAKI WILDERNESS,Buy Group,,Active,,PREPAID,207 853 0949,info@wabanakiwilderness.com,,ROBERT DORE,2026-08-18,
CO-0219,MI - JB TOOLS,Buy Group,,Active,,PREPAID,734-679-9424,chris@jbtools.com,,Chris Fontaine,2026-08-18,
CO-0220,"MI - SHOOTERS RANGE, LLC - SI # 1221",Buy Group,Sports Inc,Active,Brent Parker,Net 30,231 421 9222,info@shootersrangellc.com,,SHOOTERS RANGE,,Tags: Buy Group
CO-0221,MI- LEVELED OUTDOORS,Dealer,,Active,,PREPAID,(231) 250-9944,leveledoutdoors@gmail.com,,THOMAS CALAGIRONE,2026-08-18,
CO-0222,MI-ADAMS ARCHERY - ARRO,Buy Group,ARRO,Active,,NET 45,,ap@archeryretailers.com,,JAMIE,,
CO-0223,MI-AL& PETES SPORT SHOP - ARRO,Buy Group,ARRO,Active,,NET 45,269-945-4417,ap@archeryretailers.com,,PETE,2026-09-17,
CO-0224,MI-ALLIED,Distributor,,Active,,Net 30,734-529-5269,alliedarchery@comcast.net,,Roger,,
CO-0225,MI-BARE'S SPORT SHOP - ARRO,Buy Group,ARRO,Active,,NET 45,989-865-6241,ap@archeryretailers.com,,sue jim,,
CO-0226,MI-BAY ARCHERY SALES - ARRO,Buy Group,ARRO,Active,,NET 45,989-894-5800,ap@archeryretailers.com,,matt rowloff,,
CO-0227,MI-BROOKS ARCHERY - ARRO,Buy Group,ARRO,Active,,NET 45,269-343-7364,ap@archeryretailers.com,,MI-ARRO-BROOKS ARCHERY,,
CO-0228,MI-CATFISH CUSTOM BOWSTRINGS,Dealer,,Active,,PREPAID,616-970-5355,catfishcustombowstrings@gmail.com,,MIKE Piechocki,2026-08-18,
CO-0229,"MI-D&R Sports Center, Inc NBS",Buy Group,NBS,Active,Brent Parker,Net 30,269-372-2277,ken@dandrsports.com,,Ken,,"Tags: NBS,Buy Group"
CO-0230,MI-EASTERN WOODS OUTDOORS/HUNTERS DEN,Buy Group,,Active,,PREPAID,(810) 664-6401,danthompson@ewoutdoors.com,,DAN THOMPSON,2026-08-18,
CO-0231,MI-FPS ARCHERY,Buy Group,,Active,,PREPAID,231-779-3772,fdollc@yahoo.com,,Jonathan Guerusey,2026-08-27,
CO-0232,MI-FRANKS GREAT OUTDOORS - SI #290,Buy Group,Sports Inc,Active,,Net 30,989 697 5341,ap@franksgreatoutdoors.com,,DON BEAVER,2026-08-18,
CO-0233,MI-GRAND VALLEY SPORTING GOODS - ARRO #383,Buy Group,ARRO,Active,,NET 45,616-895-6592,sales@gvsportinggoods.com,,Jon,2026-09-17,
CO-0234,MI-HESPERIA SPORT SHOP  - ARRO #382,Buy Group,ARRO,Active,,NET 45,231-854-3965,hssoutdoors@yahoo.com,,MI-ARRO-HESPERIA SPORT SHOP #382,2026-09-29,Jim is the usual/main contact there.
CO-0235,MI-HICKS OUTDOORS - ARRO #243,Buy Group,ARRO,Active,,NET 45,810-564-1820,AP@archeryretailers.com,,MI-ARRO-HICKS OUTDOORS#243,,
CO-0236,MI-HOUTED GROUP LLC - NABA,Buy Group,NABA,Active,,Net 30,810-664-6401,accounts@huntersdenlapeer.com,,Dan Osterhout Jr,2026-08-18,
CO-0237,MI-JAY'S SPORTING GOODS - SI #259,Buy Group,Sports Inc,Active,,Net 30,989-705-1339,jlutren@jayssportinggoods.com,,BOB KOESPELL BUYER,2026-08-18,
CO-0238,MI-KRUZINGA ARCHERY - NABA,Buy Group,NABA,Active,,Net 30,269-668-3014,markk@westmirealty.com,,MARK KRUIZENGA,2026-09-29,
CO-0239,MILLS FLEET FARM,Big Box,,Active,,NET 120,920-731-8121,Brian.Reindl@fleetfarm.com,,MILLS FLEET FARM,2026-08-18,Freight Collect Fed Ex 310779253
CO-0240,MI-LONG RANGE ARCHERY&FIREARMS - SI #1199,Buy Group,Sports Inc,Active,,Net 30,616-399-3011,longrangearchery2@gmail.com,,DUSTIN MIEDEMA,2026-08-18,
CO-0241,MI-LOST NATION ARCHERY CO. - ARRO,Buy Group,ARRO,Active,,NET 45,269-659-6002,ap@archeryretailers.com,,LARRY,,
CO-0242,MI-NORTHWOODS WHOLESALE OUTLET - NBS 486,Buy Group,NBS,Active,,Net 30,989-879-4009 CREDIT D,tina.sullivan@northwoodsoutlet.com,,Jim brunette,2026-08-18,
CO-0243,MI-SCHUPBACHS SPORTING GOODS,Buy Group,,Active,,PREPAID,517-782-8418,schupbachsarchery@gmail.com,,Rob,2026-08-18,
CO-0244,MI-SPOT SHOOTER ARCHERY - ARRO,Buy Group,ARRO,Active,,NET 45,248-531-0238,ap@archeryretailers.com,,MI-ARRO-SPOT SHOOTER ARCHERY,,
CO-0245,MI-SUNRISE ARCHERY-NABA,Buy Group,NABA,Active,Brent Parker,Net 30,810-936-0066,sales@sunrisearchery.com,,DEREK VAUGHN,2026-08-18,
CO-0246,MI-SUNRY'S ARCHERY OUTDOORS,Buy Group,,Active,,PREPAID,810-936-0066,rdv5656@yahoo.com,,RYAN PAYTON,2026-08-18,
CO-0247,MI-THE FIX OUTDOORS LLC,Dealer,,Active,,PREPAID,517-462-8608,,,MI-THE FIX OUTDOORS LLC,,
CO-0248,MI-THE MINNOW BUCKET@EXIT 222,Dealer,,Active,,PREPAID,989-632-3257,theminnowbucket222@yahoo.com,,RON SALANDER,2026-08-18,
CO-0249,MI-TOP TEN PERCENT,Buy Group,,Active,,PREPAID,,toptenpercent@outlook.com,,JEREMY HAWES,2026-08-18,
CO-0250,MN-ARCHERYHEADQUARTERS - ARRO,Buy Group,ARRO,Active,,NET 45,507-282-3507,ap@archeryretailers.com,,marty,,
CO-0251,MN-AT FULL DRAW LLC SI #1314,Buy Group,Sports Inc,Active,,Net 30,651-257-1589,willy@fulldrawmn.com,,WILLY,2026-08-18,
CO-0252,MN-BWANA ARCHERY - ARRO #73,Buy Group,ARRO,Active,,NET 45,651-482-9866,ap@archeryretailers.com,,JOHN JR,,
CO-0253,MN-COYOTE CREEK OUTDOORS - SI #1217,Buy Group,Sports Inc,Active,,Net 30,507-289-8308,mike@coyotecreekoutdoors.com,,Stacy,2026-09-29,
CO-0254,MN-DELANEYS OUTDOORS - SI #1319,Buy Group,Sports Inc,Active,,Net 30,218-732-4281,delaneyssportshop@gmail.com,,will,,
CO-0255,MN-EDEN PRAIRIE SCHEELS,Big Box,,Active,,Net 30,,CO_AP@scheels.com,,MN-EDEN PRAIRIE SCHEELS,,"freight collect fed ex 792379370
zip: 58103 | Tags: Scheels"
CO-0256,MN-H&H ARCHERY SUPPLY,Distributor,,Active,,Net 30,320-963-5118,accounting@hharchery.com,,mike,2026-09-29,
CO-0257,MN-MINNESOTA HARDWARE,Buy Group,,Active,,PREPAID,763-688-3583,billing@mnhardware.com,,MN-MINNESOTA HARDWARE,,2SHIP FREIGHT COLLECT UPS ACC#569F7R
CO-0258,MN-OAK RIDGE ARCHERY - ARRO,Buy Group,ARRO,Active,,NET 45,507-931-5637,ap@archeryretailers.com,,DONALD V FROMN,,
CO-0259,MN-RCH ARCHERY,Dealer,,Active,,PREPAID,,strando20@gmail.com,,MN-RCH ARCHERY,2026-08-18,
CO-0260,MN-RIVER HILL SCHEELS,Big Box,,Active,,Net 30,507-386-7767,co_ap@scheels.com,,jacob,,"freight collect fed ex 792379370
zip: 58103 | Tags: Scheels"
CO-0261,MN-ROCHESTER SCHEELS,Big Box,,Active,,Net 30,507-281-2444,co_ap@scheels.com,,trrent,,"freight collect fed ex 792379370
zip: 58103 | Tags: Scheels"
CO-0262,MN-RUNNINGS SUPPLY INC,Big Box,,Active,,2% 15 NET 30,507-532-9566,AcctPayable@runnings.com,,MN-RUNNINGS SUPPLY INC,2026-08-14,"FedEx, Acct# 155235233
zip: 56258"
CO-0263,MN-SCHAFFER PERFORMANCE ARCHERY - ARRO,Buy Group,ARRO,Active,,NET 45,952-894-4139,schaffererarchery@gmail.com,,john,2026-09-17,
CO-0264,MN-SKALAK OUTDOORS,Dealer,,Active,,Net 30,507-393-0410,chuck@skalakoutdoors.com,,Chuck Skalak,,
CO-0265,MN-ST CLOUD SCHEELS,Big Box,,Active,,Net 30,320-252-9494,co_ap@scheels.com,,brian kunz,,"freight collect fed ex 792379370
zip: 58103 | Tags: Scheels"
CO-0266,MN-VAPORTRAIL,Buy Group,,Active,,PREPAID,763-862-8870,rory@vaportrailarchery.com,,MN-VAPORTRAIL,,
CO-0267,MO - Wild Arrow,Dealer,,Active,,Net 30,314-852-7906,Wildarrowod@gmail.com,,Steve Wolk,2026-08-18,
CO-0268,MO-54 ARCHERY - ARRO,Buy Group,ARRO,Active,,NET 45,573-630-7985,rgrnrich@aol.com,,RICHARD GREEN,2026-09-17,
CO-0269,MO-806 Archery LLC,Dealer,,Active,Brent Parker,PREPAID,573-838-7557,806archery@gmail.com,,Dillon Roberson,2026-08-18,
CO-0270,MO-BASS PRO,Big Box,,Active,Brent Parker,Net 74,417-887-7334,mikesohm@magnusbroadheads.com,,MO-BASS PRO,,"FED EX GROUND COLLECT 
Bass Pro Canada FedEx Account: 206951057 (bill recipient)"
CO-0271,MO-BB ARCHERY SALES - NABA,Buy Group,NABA,Active,,Net 30,,info@bbarcherysales.com,,MO-BB ARCHERY SALES,2026-08-18,
CO-0272,MO-BLACK WIDOW,Distributor,,Active,,Net 30,417-725-3113,johnc@blackwidowbows.com,,MO-BLACK WIDOW,2026-09-29,
CO-0273,MO-BRAVEHEART ARCHERY,Dealer,,Active,,PREPAID,816-225-8823,,,MO-BRAVEHEART ARCHERY,,
CO-0274,MO-BROKEN BOW ARCHERY  - ARRO #484,Buy Group,,Active,,NET 45,417-256-2697,AP@archeryretailers.com,,MO-ARR0-BROKEN BOW ARCHERY #484,,
CO-0275,MO-CIMARRON LUMBER & SUPPLY (SUTHERLANDS) - SI #1141,Buy Group,Sports Inc,Active,,Net 30,,importinvoice@hq.sportsinc.com,,Sports Inc,2026-08-07,UPS # R37 60A
CO-0276,MO-CITY BOY ARCHERY,Dealer,,Active,,PREPAID,660-646-9915,,,MO-CITY BOY ARCHERY,,
CO-0277,MO-CREED ARCHERY SUPPLY,Dealer,,Active,,PREPAID,660-956-4500 x 3,derek@creedarchery.com,,MO-CREED ARCHERY SUPPLY,,
CO-0278,MO-DENNY DENNIS SI #1420,Buy Group,Sports Inc,Active,,Net 30,(636) 343-9447 ext 02,ddsports@sbcglobal.net,,Kevin,2026-09-16,
CO-0279,MO-DORROH SEED - NABA,Buy Group,NABA,Active,,Net 30,573-359-2222,,,MO-DORROH SEED,,
CO-0280,MO-HEARTLAND BOW SHOP,Dealer,,Active,,PREPAID,,joe.a.redding@gmail.com,,JOE REDDING,2026-08-18,
CO-0281,MO-JB OUTDOORS - NABA,Buy Group,NABA,Active,,Net 30,816-273-0036,admin@jandboutdoors.com,,BRUCE SCHMITTER,2026-08-18,
CO-0282,MO-JCT TACKLE AND ARCHERY SHOP - ARRO,Buy Group,ARRO,Active,,NET 45,417-546-5611,ap@archeryretailers.com,,MO-ARRO-JCT TACKLE AND ARCHERY SHOP,,
CO-0283,MO-MIDWAY USA,Distributor,,Active,,Net 30,573-447-5168,"APInvoices@midwayusa.com,JEAllen@midwayusa.com,ahazen@midwayusa.com",,MO-MIDWAY USA,,FREIGHT COLLECT 677247
CO-0284,MO-MIDWEST ARCHERY - SI #1242,Buy Group,Sports Inc,Active,,Net 30,417-619-9565,mwarchery@gmail.com,,BRAD WILLIAMS,2026-08-18,
CO-0285,MO-MIKES ARCHERY - ARRO,Buy Group,ARRO,Active,,NET 45,636-279-1093,ap@archeryretailers.com,,MIKE,,
CO-0286,MO-OUTBACK ARCHERY - NABA,Buy Group,NABA,Active,,Net 30,,outbackarchery24@gmail.com,,Adam,2026-08-27,
CO-0287,MO-OUTDOOR ADDICTION - ARRO,Buy Group,,Active,,NET 45,573-378-2221,AP@archeryretailers.com,,MO-ARR0-OUTDOOR ADDICTION,,
CO-0288,MO-OZARK MOUNTAIN OUTDOORS - NABA,Buy Group,NABA,Active,,Net 30,417-841-7768,trish@ozarkmountainoutdoors.com,,Trish Forester,2026-08-18,
CO-0289,MO-PATRIOT ARCHERY,Dealer,,Active,,PREPAID,417-830-8206,patriotarchery19@gmail.com,,TROY POLSTON,2026-08-18,
CO-0290,MO-PISTOLS PLUS GUNS AND ARCHERY - ARRO,Buy Group,ARRO,Active,,NET 45,573-308-2412,ap@archeryretailers.com,,JON,,
CO-0291,MO-PROMASTER ARCHERY,Dealer,,Active,,Net 60,918-542-0791,info@promasterarchery.com,,CHARLIE FORBIS,2026-08-18,
CO-0292,MO-QUALITY ARCHERY - ARRO #460,Buy Group,ARRO,Active,,NET 45,417-498-2310,ap@archeryretailers.com,,SAM BURKHOLDER,,
CO-0293,MO-ROGERS SPORTING GOODS - SI #1123,Buy Group,Sports Inc,Active,,Net 30,816-883-4514,Mandy@rogerssportinggoods.com,,MO-ROGERS SPORTING GOODS,2026-08-18,
CO-0294,MO-SUMMIT ARCHERY LLC - ARRO,Buy Group,,Active,,NET 45,636-742-2531,ap@archeryretailers.com,,MO-ARR0-SUMMIT ARCHERY LLC,,
CO-0295,MO-THE HUNTING CORNER,Buy Group,,Active,,PREPAID,573-735-5406,huntingwholesalers@gmail.com,,NICK,2026-08-05,
CO-0296,MO-TODDS BOW BARN LLC,Dealer,,Active,,PREPAID,1-(573)-541-5556,toddsbowbarn@gmail.com,,TODD DORSEY,2026-08-18,
CO-0297,MO-TWISTED ARROW,Buy Group,,Active,,PREPAID,573 785 6914,TWISTEDARROWLLC@GMAIL.COM,,JIM OR TJ,2026-08-18,
CO-0298,MO-Winchester Archery LLC,Buy Group,,Active,,PREPAID,573-803-1798,winchesterarchery@charter.net,,WADE AND PATRICE,2026-08-18,
CO-0299,MS - Delta Outfitters - SI #1174 (on hold),Dealer,Sports Inc,Active,,Net 30,601-636-5102,deltaoutfittersms@yahoo.com,,Megan Buckner,,
CO-0300,MS-2ND AMENDMENT OUTDOORS - SI #1336,Buy Group,Sports Inc,Active,,Net 30,662-594-8687,2ndamendmentoutdoors@comcast.net,,MARK AUSTIN,2026-08-18,
CO-0301,MS-B & B ARCHERY,Buy Group,,Active,,PREPAID,601 939 4380,bandbarchery@rocketmail.com,,Rob,2026-08-18,
CO-0302,MS-HUNTERS HAVEN,Buy Group,,Active,,Net 30,(662) 841-0422,haven0422@comcast.net,,LOGAN,2026-08-18,
CO-0303,MS-HUNTERS HOLLOW - SI #590,Buy Group,Sports Inc,Active,,Net 30,662-234-5945,luke@huntershollow.com,,Luke Guest,,
CO-0304,MS-SIP Outdoors - NABA,Buy Group,NABA,Active,,Net 30,601-427-9354,sipoutdoors24@gmail.com,,Patrick McCraw,2026-08-27,
CO-0305,MT - North 40 Outfitters,Buy Group,,Active,Brent Parker,Net 30,406.761.6623,connor.olson@north40.com,north40.com,Connor Olson,2026-08-18,"FED EX FREIGHT COLLECT 848918717
zip: 59406"
CO-0306,MT-BADGER ARCHERY - NABA,Dealer,NABA,Active,,Net 30,406-988-0035,badgerarchery1@aol.com,,SARA PFLISTER,2026-09-29,
CO-0307,MT-BIG SKY ARCHERY - NABA,Buy Group,NABA,Active,,Net 30,406-388-0503,contact@bigskyarchery.com,,Gabe,,
CO-0308,MT-BILLINGS SCHEELS,Big Box,,Active,,Net 30,406-656-9220,co_ap@scheels.com,,rob marina,,"freight collect fed ex 792379370
zip: 58103 | Tags: Scheels"
CO-0309,MT-FLAMING ARROW ARCHERY - NABA,Buy Group,NABA,Active,,Net 30,406 752 0702,flamingarrow60x@gmail.com,,MT-FLAMING ARROW ARCHERY,,
CO-0310,MT-FOOTED SHAFT,Buy Group,,Active,,PREPAID,406-616-3200,,,MT-FOOTED SHAFT,,
CO-0311,MT-GREAT FALLS SCHEELS,Big Box,,Active,,Net 30,406-453-7666,co_ap@scheels.com,,MT-GREAT FALLS SCHEELS,,"freight collect fed ex 792379370
zip: 58103 | Tags: Scheels"
CO-0312,MT-MISSOULA SCHEELS,Big Box,,Active,,Net 30,,CO_AP@scheels.com,,MT-MISSOULA SCHEELS,,"freight collect fed ex 792379370
zip: 58103 | Tags: Scheels"
CO-0313,MT-RIMROCK SCHEELS,Big Box,,Active,,Net 30,406-656-9220,co_ap@scheels.com,,MT-RIMROCK SCHEELS,,"freight collect fed ex 792379370
zip: 58103 | Tags: Scheels"
CO-0314,MT-STRAIGHT 6 ARCHERY - NABA,Buy Group,NABA,Active,,Net 30,406-926-1013,straight6archery@gmail.com,,MT-STRAIGHT 6 ARCHERY,2026-08-18,
CO-0315,MT-SUPERIOR ARCHERY INC - NABA,Buy Group,NABA,Active,,Net 30,406-245-0087,superiorarchery@gmail.com,,Rob,2026-08-18,
CO-0316,NC-BAREFOOT ARCHERY - ARRO,Buy Group,ARRO,Active,,NET 45,704-527-1110,ap@archeryretailers.com,,jessie smith,,
CO-0317,NC-FIRST FLIGHT ARCHERY - NABA,Buy Group,NABA,Active,,Net 30,919-676-6799,john@firstflightarchery.com,,JOHN WINKLER,,
CO-0318,NC-GRAFTON ARCHERY AND OUTDOORS,Buy Group,,Active,,Net 15,704-855-1300,graftonarcheryoutdoors@gmail.com,,JOE DARNELL,2026-08-27,Outreach log listed this account as 'PA-Grafton Archery and Outdoors' — verify state/branch before relying on this record.
CO-0319,NC-RIVER BEND OUTDOORS,Dealer,,Active,,PREPAID,320-354-2636,riverbendoutdoorsllc@gmail.com,,BRIAN NELSON,2026-08-18,
CO-0320,NC-YARAK ARCHERY LLC,Dealer,,Active,,PREPAID,919-704-8074,yarakarchery@gmail.com,,JOSH JOHNSON,,CC sec: 788
CO-0321,ND-DAKOTA SQUARE SCHEELS,Big Box,,Active,,Net 30,701-852-1010,CO_AP@scheels.com,,ND-DAKOTA SQUARE SCHEELS,,"freight collect fed ex 792379370
zip: 58103 | Tags: Scheels"
CO-0322,ND-DEAD MEAT ARCHERY,Dealer,,Active,,PREPAID,701-269-7598,deadmeatarchery@gmail.com,,BEN ORF,,"Ben Orf
4031630755027967
5/30
652
"
CO-0323,ND-FARGO SCHEELS,Big Box,,Active,,Net 30,701-298-2918,CO_AP@scheels.com,,Al Messner,,"freight collect fed ex 792379370
zip: 58103 | Tags: Scheels"
CO-0324,ND-GRAND FORKS SCHEELS,Big Box,,Active,,Net 30,701-780-9424,co_ap@scheels.com,,aaron,,"freight collect fed ex 792379370
zip: 58103 | Tags: Scheels"
CO-0325,ND-KIRKWOOD SCHEELS,Big Box,,Active,,Net 30,701-255-7255,co_ap@scheels.com,,greg,,"freight collect fed ex 792379370
zip: 58103 | Tags: Scheels"
CO-0326,ND-OAK RIDGE ENTERPRISE,Dealer,,Active,,PREPAID,701-351-0726,mikesohm@magnusbroadheads.com,,Mike,2026-08-18,
CO-0327,ND-OUTDOORSMAN INC - ARRO,Buy Group,ARRO,Active,,NET 45,701-282-0131,ap@archeryretailers.com,,KEVIN STEEN,,
CO-0328,NE-CABELAS,Big Box,,Active,,Net 30,308-254-5505,AP@cabelas.com,,NE-CABELAS,,
CO-0329,NE-FULL DRAW ARCHERY - ARRO #246,Buy Group,ARRO,Active,,NET 45,402-333-9691,fulldrawarchery@hotmail.com,,Ken Colgrove,2026-09-17,
CO-0330,NE-LINCOLN SCHEELS,Big Box,,Active,,Net 30,402-420-9000,co_ap@scheels.com,,NE-LINCOLN SCHEELS,,"freight collect fed ex 792379370
zip: 58103 | Tags: Scheels"
CO-0331,NE-NATURECRAFT TAXIDERMY & ARCHERY SHOP - NABA,Buy Group,NABA,Active,,Net 30,402-873-5491,,,NE-NATURECRAFT TAXIDERMY & ARCHERY SHOP,,
CO-0332,NE-OMAHA SCHEELS,Big Box,,Active,,Net 30,402-289-5666,co_ap@scheels.com,,scott,,"freight collect fed ex 792379370
zip: 58103 | Tags: Scheels"
CO-0333,NE-SANDHILLS ARCHERY,Dealer,,Active,,PREPAID,,cameronworden@gmail.com,,CAMERON WORDEN,2026-08-18,
CO-0334,NH-COYOTE CREEK ARCHERY - ARRO,Buy Group,ARRO,Active,,NET 45,603-335-2222,ap@archeryretailers.com,,Josh,,
CO-0335,NH-MORSE SPORTING GOODS #413,Buy Group,Sports Inc,Active,,Net 30,603-464-3444,morsesport@aol.com,,NH-MORSE SPORTING GOODS #413,2026-08-18,
CO-0336,NH-NORTHERN DUTCHESS ARCHERY - ARRO,Buy Group,ARRO,Active,,NET 45,845 758 3651,ap@archeryretailers.com,,NH-ARRO-NORTHERN DUTCHESS ARCHERY,,
CO-0337,NH-PERCY TACKLE-LLCOTE - ARRO,Buy Group,ARRO,Active,,NET 45,603 482 7777 ext 116,ap@archeryretailers.com,,SHAWN,,
CO-0338,NH-PINNACLE SPORTS - SI #1288,Buy Group,Sports Inc,Active,,Net 30,603-790-8099,dave@pinnaclesportsllc.com,,NH-PINNACLE SPORTS,2026-08-18,
CO-0339,NJ - Cheyenne Mountain Outfitters - SI #915,Buy Group,Sports Inc,Active,,Net 30,604-570-8430,cmoarchery@gmail.com,,NJ - Cheyenne Mountain Outfitters,2026-08-18,
CO-0340,NJ-BOBS LITTLE SPORT SHOP - ARRO,Buy Group,ARRO,Active,,NET 45,856-881-7575,ap@archeryretailers.com,,NJ-ARRO-BOBS LITTLE SPORT SHOP,,
CO-0341,NM - Silver City Archery Co.,Dealer,,Active,Brent Parker,PREPAID,575-313-4165,m_ormand@hotmail.com,,Mark Ormand,,"Mark Ormand
6011014420189305
11/28
987"
CO-0342,NM-ARCHERY SHOPPE - ARRO,Buy Group,ARRO,Active,,NET 45,505 878 9768,ap@archeryretailers.com,,NOBEL IS OWNER mark chavez,,
CO-0343,NM-HIGH DESERT ARCHERY - NABA,Buy Group,NABA,Active,,Net 30,575 527 2697,case@highdesertarchery.com,,NM-HIGH DESERT ARCHERY,,
CO-0344,NM-HIT OR MISS ARCHERY - NABA,Buy Group,NABA,Active,,Net 30,505 200 9650,hitormissarchery@gmail.com,,NEIL OVERBAY,2026-08-18,
CO-0345,NM-Hobbs Eagle Archery,Dealer,,Active,,PREPAID,505-306-8498,hobbseaglearchery@yahoo.com,,BEN,2026-08-18,
CO-0346,NV-ACES&ARROWS ARCHERY,Dealer,,Active,,PREPAID,702-778-4889,aj@acesandarrows.com,,AJ,,
CO-0347,NV-RENO SPARKS SCHEELS,Big Box,,Active,,Net 30,775-331-2700,co_ap@scheels.com,,NV-RENO SPARKS SCHEELS,,"freight collect fed ex 792379370
zip: 58103 | Tags: Scheels"
CO-0348,NY-BRONSON BRONSON - NABA - NBS 897,Buy Group,NABA,Active,,Net 30,613-545-0706,BENBRONSON2017@HOTMAIL.COM,,BEN BRONSON,2026-08-27,
CO-0349,NY-ERIE TRACKER OUTFITTERS - ARRO #430,Buy Group,ARRO,Active,,NET 45,905-834-9218,ap@archeryretailers.com,,NY-ARRO-ERIE TRACKER OUTFITTERS#430,,
CO-0350,NY-EXTREME ARCHERY - NABA,Buy Group,NABA,Active,,Net 30,(914) 777-7500,tom.ardis@yahoo.com,,EUGENE,2026-08-18,
CO-0351,NY-FLYING ARROW SPORTS CORP - ARRO #272,Buy Group,ARRO,Active,,NET 45,845-228-5330,ap@archeryretailers.com,,NY-ARRO-FLYING ARROW SPORTS CORP#272,2026-09-29,
CO-0352,NY-HIDEAWAY ARCHERY,Dealer,,Active,,PREPAID,716-532-2360,hideawayarchery@aol.com,,JILL HEJZA,2026-08-18,
CO-0353,NY-KLEINS ARCHERY - ARRO,Buy Group,ARRO,Active,,NET 45,607-844-3474,jguernsey001@twcny.rr.com,,NY-ARRO KLEINS ARCHERY,2026-09-16,
CO-0354,NY-LEGENDS OF FALL OUTFITTERS  - NABA #270,Buy Group,NABA,Active,,Net 30,315-896-6766,jeff@legendsoffall.com,,JEFF,2026-08-18,
CO-0355,NY-NORTHERN DUTCHESS ARCHERY - ARRO,Buy Group,ARRO,Active,,NET 45,845-758-3651,ap@archeryretailers.com,,NY-ARRO-NORTHERN DUTCHESS ARCHERY,,
CO-0356,NY-NORTHERN RIDGE OUTDOORS,Buy Group,,Active,,Net 30,716 772 7598,northernridgeoutdoors1@gmail.com,,THOMAS,2026-08-18,
CO-0357,NY-Paese Precision Archery LLC,Dealer,,Active,,PREPAID,,paeseprecisionarchery@gmail.com,,JOSEPH,2026-08-18,
CO-0358,NY-RACK N REEL - ARRO,Buy Group,ARRO,Active,,NET 45,802-453-2000,ap@archeryretailers.com,,NY-ARRO-RACK N REEL,,
CO-0359,NY-S & S ARCHERY INC - ARRO,Buy Group,ARRO,Active,,NET 45,716-925-7106,ap@archeryretailers.com,,Gregg,,
CO-0360,NY-SMITH POINT SPORT - ARRO,Buy Group,ARRO,Active,,NET 45,631-289-3399,deer48@optonline.net,,JEFF schneider,2026-08-27,
CO-0361,NY-WHITNEYS HUNTING SUPPLY,Buy Group,ARRO,Active,,Net 30,518 642 9570,whitneyshuntingsupply@gmail.com,,JAMI,2026-08-18,
CO-0362,NY-Wicked Flight Archery,Dealer,,Active,Brent Parker,PREPAID,516-492-6770,wickedflightarchery@gmail.com,,Nikolas Tamburello,,"Card Number: 4246 3154 7536 2297
______________________________________
Expiration Date: 03/31
____________________________________
SEC: 220
_______________________________________________"
CO-0363,OH - McFadden Pharmacy RX Archery ARRO #570,Buy Group,ARRO,Active,Brent Parker,NET 45,,AP@archeryretailers.com,,ARRO OFFICE,,
CO-0364,OH - McFadden Pharmacy RX Archery ARRO #570					,Buy Group,ARRO,Active,Brent Parker,Net 30,,AP@archeryretailers.com,,ARRO OFFICE,2026-08-18,
CO-0365,OH - Miller's Gun Supply - SI # 1100,Buy Group,Sports Inc,Active,Brent Parker,Net 30,3308520111,1miller@msg1979.com,,Larry Miller,,
CO-0366,OH-A-A ARCHERY - ARRO,Buy Group,ARRO,Active,,NET 45,740-552-5057,ap@archeryretailers.com,,OH-ARRO-A-A ARCHERY,,
CO-0367,OH-AMERICAN OUTDOORS - NABA,Buy Group,NABA,Active,,Net 30,330-878-2668,will@allamericanoutdoorsllc.com,,WILL RICHMOND,,
CO-0368,OH-BROKEN ARROW ARCHERY,Dealer,,Active,,PREPAID,330-332-3055,brokenarrowllc@outlook.com,,BOB,,
CO-0369,OH-BROKEN RACK ARCHERY - NABA,Buy Group,NABA,Active,,Net 30,513-625-0148,,,Aaron Iding,,"sec 214
4427420269654577
10/29
Patrick P Decastro"
CO-0370,OH-BUCKEYE ARCHERY SUPPLY,Buy Group,,Active,,PREPAID,740-701-0051,ap@buckeyearcherysupply.com,,BILL FAHL,2026-08-18,
CO-0371,OH-FIN FEATHER FUR OUTFITTERS - NBS 33,Buy Group,NBS,Active,,Net 60,419-281-2557,ap@finfeatherfuroutfitters.com,,Jason,2026-09-16,
CO-0372,OH-HUNTERS OUTLET - ARRO,Buy Group,ARRO,Active,,NET 45,330-628-1457,ap@archeryretailers.com,,OH-ARRO-HUNTERS OUTLET,,
CO-0373,OH-JNJ OUTDOORS - ARRO,Buy Group,ARRO,Active,,NET 45,,ap@archeryretailers.com,,OH-ARRO-JNJ OUTDOORS,,
CO-0374,OH-MIKES ARCHERY,Distributor,,Active,Brent Parker,Net 30,740-532-0142,Customerservice@mikesarchery.com,,OH-MIKES ARCHERY,,"freight collect 825376 ups
 zip: 45636"
CO-0375,OH-OHIO PREMIER ARCHERY AND SPORTS,Buy Group,,Active,,PREPAID,440-632-8007,lostoyic@ohiopremierarchery.com,,LUKE OSTOYIC,2026-08-27,
CO-0376,OH-PROFORMANCE ARCHERY NABA,Buy Group,NABA,Active,Brent Parker,Net 30,,PROFORMANCEARCHERY@gmail.com,,PROFORMANCE ARCHERY,,"Tags: NABA,Buy Group"
CO-0377,OH-RIVER EDGE OUTFITTERS GROUP LLC,Dealer,,Active,,PREPAID,740-255-2100,riversedge4331@gmail.com,,Tabitha Linscott,2026-08-18,
CO-0378,OH-ROCK SOLID ARCHERY,Dealer,,Active,,PREPAID,419-823-1600,RVETELL@ROCKSOLIDARCHERY.COM,,OH-ROCK SOLID ARCHERY,2026-08-18,
CO-0379,OH-SPORTS JUNCTION INC,Buy Group,,Active,,PREPAID,440-466-0073,sportsjunction90@gmail.com,,Mary Anne,,
CO-0380,OH-SPORTSMANS DEN - SI #448,Buy Group,Sports Inc,Active,,Net 30,419-347-3007,josh@sportsmansden.com,,"Jack, Al, Josh,",2026-08-18,
CO-0381,OH-THE ARCHERY SHOP - ARRO,Buy Group,ARRO,Inactive,,NET 45,419-628-2174,ap@archeryretailers.com,,BILL,,Closed — out of business as of 9/17/2026.
CO-0382,OH-THE LEAD SHED LTD - ARRO,Buy Group,ARRO,Active,,NET 45,419-335-2131,ap@archeryretailers.com,,DAN,,
CO-0383,OH-WEASNER ARCHERY LLC,Buy Group,,Active,,PREPAID,419-983-5743,weasnerarchery@yahoo.com,,RAY WEASNER,2026-08-18,
CO-0384,OK - H.L.'s Sport Shop - NBS,Buy Group,NBS,Active,Brent Parker,Net 30,918 426 1268,hlssport@yahoo.com,,HL Sports shop,,
CO-0385,OK- TYBOWS ARCHERY - ARRO,Buy Group,ARRO,Active,,NET 45,,ap@archeryretailers.com,,Tyler Dameron,,
CO-0386,OK-BILLS SPORTING GOODS - SI #665,Buy Group,Sports Inc,Active,,Net 30,918-341-5388,trent@billssportinggoods.com,,OK-BILLS SPORTING GOODS,,
CO-0387,OK-Canyon Road Outfitters,Dealer,,Active,Brent Parker,PREPAID,9184783225,gregg_1227@yahoo.com,,Gregg Perryman,2026-08-18,"Gregg Perryman
5334506239298328
03/29
146
74441"
CO-0388,OK-CHOCTAW ARCHERY,Buy Group,,Active,,PREPAID,405-281-5885,choctawarchery@gmail.com,,HASKALL,2026-08-18,
CO-0389,OK-H & H SHOOTING SPORTS,Buy Group,,Active,,Net 30,405 947 3888 X 162,archerybuyer@hhokc.com,,Gary Smith,2026-08-18,
CO-0390,OK-NOCKING POINT,Dealer,,Active,,PREPAID,,thenockingpoint@yahoo.com,,RUSSELL YOTT,2026-08-18,
CO-0391,OK-OKIE LAND BOWHUNTERS - NABA,Buy Group,NABA,Active,,Net 30,337-552-7671,okielandbowhunters@gmail.com,,BRYN CHAPMAN,2026-08-18,
CO-0392,OK-PATS ARCHERY,Buy Group,,Active,,Net 30,918-756-4632,david@patsarcheryoutdoors.com,,DAVID McCoy,2026-08-18,
CO-0393,OK-POTEAU PAWN & GUN,Dealer,,Active,,PREPAID,(918) 647-4400,,,JEFF-BUYER,,
CO-0394,OK-TULSA SCHEELS,Big Box,,Active,,Net 30,,vendor_compliance@scheels.com,,OK-TULSA SCHEELS,,"freight collect fed ex 792379370
zip: 58103 | Tags: Scheels"
CO-0395,OK-TULSA TACKLE OUTDOORS,Dealer,,Active,,PREPAID,(918) 664-5995,cole@tulsatackleoutdoors.com,,COLE BEEN,,
CO-0396,Omar Es-Sahli,Other,,Active,,Web Order,6622283712,Omar.es.sahli1@gmail.com,,Omar Es-Sahli,,
CO-0397,OR-ARCHERY WORLD,Buy Group,,Active,,Net 30,503-489-5596,invoices@archeryworld.net,,NICK,,
CO-0398,OR-ARRO-ARCHERY PAST,Buy Group,ARRO,Active,,NET 45,503-913-1340,riley@archerypast.com,,OR-ARRO-ARCHERY PAST,2026-08-18,
CO-0399,OR-BEN'S ARCHERY - NABA,Buy Group,NABA,Active,,Net 30,541-963-5871,mrtec1@charter.net,,OR-BEN'S ARCHERY,2026-08-18,
CO-0400,OR-BROKEN ARROW ARCHERY - NABA,Buy Group,NABA,Active,,Net 30,(503) 654-8012,brokenarrowarchery@gmail.com,,CHUCK/jared,2026-08-18,
CO-0401,OR-DEWCLAW ARCHERY,Buy Group,,Active,,Net 30,541-772-1896,matt@dewclawarchery.com,,Matt,2026-08-18,
CO-0402,OR-KUTCH ARCHERY,Dealer,,Active,,PREPAID,503-852-7537,,,KENNY PAYNE,,
CO-0403,OR-OUTDOORSMAN OREGON - NABA,Buy Group,NABA,Active,,Net 30,541-889-3135,outdoorsman3135@yahoo.com,,JOEL,2026-08-18,
CO-0404,OR-PACIFIC CREST ARCHERY INC,Buy Group,,Active,,Net 30,503-585-4547,,,Ray,,
CO-0405,OR-THE ARCHERY HUT - ARRO,Buy Group,ARRO,Active,,NET 45,541-259-2697,ap@archeryretailers.com,,OR-ARRO-THE ARCHERY HUT,,
CO-0406,OR-THE BOW RACK - ARRO,Buy Group,ARRO,Active,,NET 45,541-746-9711,ap@archeryretailers.com,,wayne and lisa,2026-08-03,
CO-0407,OR-THE RILEY STORE - NABA,Buy Group,NABA,Active,,Net 30,(541) 493-2527,rileystorellc@gmail.com,,OR-THE RILEY STORE,2026-08-18,
CO-0408,OR-Trinity Outdoors LLC,Dealer,,Active,Brent Parker,Net 30,503-728-5039,trinityoutdoorjk@gmail.com,,Jason Folden,2026-08-18,
CO-0409,PA-ARRO-LEGACY ARCHERY SHOP LLC,Buy Group,ARRO,Active,,NET 45,,Ap@archeryretailers.com,,ARRO Accounts Payable,,
CO-0410,PA-ARROWHEAD OUTDOORS,Buy Group,,Active,,PREPAID,814-662-4321,crossbowsales@comcast.net,,MICHAEL WISSEMAN,2026-08-18,
CO-0411,PA-AVERAGE JACK ARCHERY,Buy Group,,Active,,PREPAID,,averagejackarchery@gmail.com,,NATE SELLERS,2026-08-18,
CO-0412,PA-BAKERS ARCHERY SUPPLY - NABA,Buy Group,NABA,Active,,Net 30,717-896-8090,bakersarchery@yahoo.com,,JASON BAKER,2026-08-18,
CO-0413,PA-BOWHUNTER'S SUPER,Buy Group,,Active,,Net 30,717-432-3710,Accounting@bowhunterssuperstore.com,,PA-BOWHUNTER'S SUPER,,
CO-0414,PA-C&C ARCHERY - ARRO#521,Buy Group,ARRO,Active,,NET 45,814-774-3337,AP@archeryretailers.com,,PA-ARRO-C&C ARCHERY #521,,
CO-0415,PA-DAVES ARCHERY - NABA,Buy Group,NABA,Active,,Net 30,814-725-1232,djwbuckmaster@verizon.net,,PA-DAVES ARCHERY,2026-08-18,
CO-0416,PA-HERITAGE GUILD OF EASTON,Buy Group,,Active,,Net 30,610 258 5500,,,MITCHELL,,
CO-0417,PA-JIMS SPORT CENTER - SI #591,Buy Group,Sports Inc,Active,,Net 30,814-765-3582,pat@jimssports.com,,PAT MALLOW,2026-08-18,
CO-0418,PA-JUNIATA TRADING CO - SI #1225,Buy Group,Sports Inc,Active,,Net 30,814-658-5878,jtcwew@yahoo.com,,PA-TUNIATA TRADING CO,2026-08-18,
CO-0419,PA-KINSEY'S,Distributor,,Active,,Net 30,717-653-9074x 3032,ap@kinseysinc.com,,Paul,2026-08-18,"Fed Ex Recipient Billing Acct #122 566 048.
Please verify that i have reached out to kinseys before shipping"
CO-0420,PA-LANCASTER,Distributor,,Active,,Net 30,717-656-7229,"ap@lancasterarchery.com,cmlambo@lancasterarchery.com",,PA-LANCASTER,,"freight collect UPS 258083
ZIP: 17540"
CO-0421,PA-LAUREL MOUNTAIN OUTFITTERS,Dealer,,Active,,PREPAID,724-691-8454,ryan@laurelmountainoutfitters.com,,RYAN JOBE,2026-08-18,
CO-0422,PA-LITTLE MOUNTAIN OUTFITTERS - ARRO,Buy Group,ARRO,Active,,NET 45,,terry@littlemountainoutfitters.com,,Terry,2026-09-17,
CO-0423,PA-LONGS OUTPOST INC,Dealer,,Active,,PREPAID,814-793-4930,longsoutpost@atlanticbbn.net,,PA-LONGS OUTPOST INC,2026-08-27,
CO-0424,PA-MACE FAMILY TRADITIONS,Dealer,,Active,,PREPAID,724-986-4168,mmacehc@comcast.net,,PA-MACE FAMILY TRADITIONS,2026-08-18,
CO-0425,PA-Millers Gun Shop Inc - NBS,Buy Group,NABA,Active,Brent Parker,Net 30,570-726-3030,bryce@millersgunshopinc.com,,Bryce Bason,,"Tags: Buy Group,NABA"
CO-0426,PA-NATIONAL ARCHERY & OUTDOORS,Buy Group,,Active,,PREPAID,570-547-0440,ryan@nationalsportingco.com,,Ryan,2026-08-27,
CO-0427,PA-T&S ARCHERY,Buy Group,,Active,,Net 30,570-784-9245,shultz2031@yahoo.com,,TODD SCHULTZ,2026-08-18,
CO-0428,PA-WEAVERS ARCHERY LLC - ARRO,Buy Group,ARRO,Active,,NET 45,570-837-1418,ap@archeryretailers.com,,PA-ARRO-WEAVERS ARCHERY LLC,,
CO-0429,PRO-STAFF-FLATLINEWHITETAILS,VIP,,Active,,Net 60,571-637-4738,FLATLINEWHITETAILS@YAHOO.COM,,TYLER KRAVITZ,,
CO-0430,PS-AMAZONRAINCHICKEN.COM,VIP,,Inactive,,Net 60,,,,TRAVIS KLAIBER,,
CO-0431,PS-ASA JONES,VIP,,Inactive,,Net 60,,,,PS-ASA JONES,,
CO-0432,PS-AUSTIN GILLIAM,VIP,,Inactive,,Net 60,,,,AUSTIN GILLIAM,,
CO-0433,PS-Bakari Dale,VIP,,Inactive,,PREPAID,,,,PS-Bakari Dale,,
CO-0434,PS-BILLY HIGGINS,VIP,,Inactive,,Net 60,,,,PS-BILLY HIGGINS,,
CO-0435,PS-Brett Boven,VIP,,Inactive,,Net 60,,,,PS-Brett Boven,,
CO-0436,PS-CAMERON STOUT,VIP,,Inactive,,Net 60,,,,PS-CAMERON STOUT,,
CO-0437,PS-CHRIS LEE,VIP,,Inactive,,PREPAID,,,,PS-CHRIS LEE,,
CO-0438,PS-Chris Schelkopf,VIP,,Inactive,,Net 60,,,,PS-Chris Schelkopf,,
CO-0439,PS-Dan Mallia,VIP,,Inactive,,Net 60,,,,PS-Dan Mallia,,
CO-0440,PS-DANE PERCIVAL,VIP,,Inactive,,PREPAID,,,,PS-DANE PERCIVAL,,
CO-0441,PS-Dave Bechtel,VIP,,Inactive,,PREPAID,,bechtd57@gmail.com,,PS-Dave Bechtel,,
CO-0442,PS-DEREK CRAIG,VIP,,Inactive,,Net 60,,,,PS-DEREK CRAIG,,
CO-0443,PS-DEREK SCHMIDT,VIP,,Inactive,,PREPAID,,,,DEREK SCHMIDT,,
CO-0444,PS-DON MASSA,VIP,,Inactive,,COD,,,,PS-DON MASSA,,
CO-0445,PS-HUNTER BOUMA,VIP,,Inactive,,Net 60,,,,PS-HUNTER BOUMA,,
CO-0446,PS-HUNTER MCDONALD,VIP,,Inactive,,PREPAID,,,,PS-HUNTER MCDONALD,,
CO-0447,PS-JACKSON SMITH,VIP,,Inactive,,Net 60,,,,PS-JACKSON SMITH,,
CO-0448,PS-JASON LUNA,VIP,,Inactive,,Net 60,,,,PS-JASON LUNA,,
CO-0449,PS-Jason Stumph,VIP,,Inactive,,Net 60,,,,PS-Jason Stumph,,
CO-0450,PS-JEREMY ADKINS,VIP,,Inactive,,Net 60,,,,PS-JEREMY ADKINS,,
CO-0451,PS-JEREMY BOYD,VIP,,Inactive,,PREPAID,,,,PS-JEREMY BOYD,,
CO-0452,PS-JEREMY HAWES,VIP,,Inactive,,Net 60,,,,PS-JEREMY HAWES,,
CO-0453,PS-JOE BROOKS,VIP,,Inactive,,Net 60,,,,JOE BROOKS,,
CO-0454,PS-KALYANN COOPER,VIP,,Inactive,,Net 60,,,,PS-KALYANN COOPER,,
CO-0455,PS-KARTER KEEFER,VIP,,Inactive,,Net 60,,,,PS-KARTER KEEFER,,
CO-0456,PS-KATHY OWEN,VIP,,Inactive,,Net 60,,,,PS-KATHY OWEN,,
CO-0457,PS-Keegan Burns,VIP,,Inactive,,PREPAID,,brentparker@magnusbroadheads.com,,PS-Keegan Burns,,
CO-0458,PS-KURT GARNER,VIP,,Inactive,,Net 60,,,,PS-KURT GARNER,,
CO-0459,PS-LORELEI GRACE,VIP,,Inactive,,Net 60,,,,PS-LORELEI GRACE,,
CO-0460,PS-LORI FRYBARGER,VIP,,Inactive,,Net 60,,,,PS-LORI FRYBARGER,,
CO-0461,PS-MADISON COLE,VIP,,Inactive,,Net 60,,,,PS-MADISON COLE,,
CO-0462,PS-MANUEL MELLOW JR,VIP,,Inactive,,Net 60,,,,MANUEL MELLOW,,
CO-0463,PS-MARK T VAN METER,VIP,,Inactive,,Net 60,,mtvanmeter@yahoo.com,,MARK T VAN METER,,
CO-0464,PS-Mathew Hoglund,VIP,,Inactive,,PREPAID,,,,PS-Mathew Hoglund,,
CO-0465,PS-MATT OLSEN,VIP,,Inactive,,Net 60,,,,PS-MATT OLSEN,,
CO-0466,PS-MATTHEW R CRISSMAN,VIP,,Inactive,,PREPAID,,,,PS-MATTHEW R CRISSMAN,,
CO-0467,PS-MIQUEL ACOSTA,VIP,,Inactive,,Net 60,,,,PS-MIQUEL ACOSTA,,
CO-0468,PS-MITCHELL IVERSON,VIP,,Inactive,,Net 60,,,,PS-MITCHELL IVERSON,,
CO-0469,PS-NICK DAWA,VIP,,Inactive,,Net 60,,,,PS-NICK DAWA,,
CO-0470,PS-RICHARD BRITT,VIP,,Inactive,,Net 60,423-6671416,,,PS-RICHARD BRITT,,
CO-0471,PS-RICK HAMMOND,VIP,,Inactive,,Net 60,,,,PS-RICK HAMMOND,,
CO-0472,PS-ROBIN PARKS,VIP,,Inactive,,Net 60,,,,PS-ROBIN PARKS,,
CO-0473,PS-ROGER MCDONALD,VIP,,Inactive,,Net 60,,,,PS-ROGER MCDONALD,,
CO-0474,PS-RYAN ANDERSON,VIP,,Inactive,,PREPAID,,,,PS-RYAN ANDERSON,,
CO-0475,PS-STEVEN MEYER,VIP,,Inactive,,Net 60,,,,PS-STEVEN MEYER,,
CO-0476,PS-TED FISCHER,VIP,,Inactive,,Net 60,,,,PS-TED FISCHER,,
CO-0477,PS-TRAVIS BENNETT,VIP,,Inactive,,Net 60,,,,PS-TRAVIS BENNETT,,
CO-0478,PS-TUCKER HAUSER,VIP,,Inactive,,PREPAID,,thauser29036@gmail.com,,PS-TUCKER HAUSER,,
CO-0479,PS-Vince Stutzman,VIP,,Inactive,,PREPAID,,,,PS-Vince Stutzman,,
CO-0480,PS-ZACH ZUMWALT,VIP,,Inactive,,Net 60,,,,PS-ZACH ZUMWALT,,
CO-0481,SC - Southern Equipment Service (DBA The Wood Shed),Dealer,,Active,Brent Parker,PREPAID,843-331-9979,leegregcrystal@gmail.com,,Greg Lee,2026-08-18,"Gregory M Lee
4493 7020 0028 2498
4/29
683"
CO-0482,SC-HUNTERS HEADQUARTERS - SI #1072,Buy Group,Sports Inc,Active,,Net 30,864 223 1911,ghughes@huntersheadquarters.com,,Greg Hughes,2026-08-18,
CO-0483,SC-Palmetto Precision Strings LLC,Dealer,,Active,Brent Parker,PREPAID,843-742-3906,palmettoprecisionstrings@gmail.com,,Zachary Mitchell,,
CO-0484,SC-SWAMP FOX ARCHERY,Dealer,,Active,,PREPAID,843-425-6880,,,MATT LUKAS,,
CO-0485,SD-ARCHERS ADDICTION LLC,Dealer,,Active,,PREPAID,605-759-7586,mikeyboer@yahoo.com,,SD-ARCHERS ADDICTION LLC,2026-08-18,
CO-0486,SD-ARCHERY OUTFITTERS - ARRO,Buy Group,,Active,,NET 45,605-367-9871,archeryfetters@live.com,,SD-ARCHERY OUTFITTERS,2026-09-17,Address: 1811 North Lowell Avenue.
CO-0487,SD-DAKOTA ARCHERY - ARRO,Buy Group,ARRO,Active,,NET 45,,ap@archeryretailers.com,,SCOTT AASE,,
CO-0488,SD-RAPID CITY SCHEELS,Big Box,,Active,,Net 30,605-342-9033,co_ap@scheels.com,,SD-RAPID CITY SCHEELS,,"freight collect fed ex 792379370
zip: 58103 | Tags: Scheels"
CO-0489,SD-SIOUX FALLS SCHEELS,Big Box,,Active,,Net 30,605-334-7767,co_ap@scheels.com,,brian klatt,,"freight collect fed ex 792379370
zip: 58103 | Tags: Scheels"
CO-0490,SOUTH AFRICA-ARCHERS EDGE,Distributor,,Active,,PREPAID,,redge@archersedge.co.za,,REDGE GRANT,,
CO-0491,SPAIN-CEDISAR,Distributor,,Active,,Net 60,34-985-111-444,antcerra@cedisar.com,,SPAIN-CEDISAR,,
CO-0492,Stacey Reeves-Kisner,Other,,Active,,Web Order,,Northgeorgiamartialarts@yahoo.com,,Stacey Reeves-Kisner,,
CO-0493,TN-BENTON SHOOTERS SUPPLY - SI #644,Buy Group,Sports Inc,Active,,Net 30,423-338-2008,bssgunoffice@yahoo.com,,TN-BENTON SHOOTERS SUPPLY,2026-08-27,
CO-0494,TN-BOWHUNTERS PRO SHOP,Dealer,,Active,,PREPAID,865-984-6111,bowhuntersproshop@att.net,,JEFF LEDBETTER,2026-08-18,
CO-0495,TN-CUSTOM GEAR,Buy Group,,Active,,PREPAID,,blhproperty@yahoo.com,,BRANDON HILL,2026-08-18,
CO-0496,TN-NASHVILLE NORTH ARCHERY - PODIUM,Buy Group,,Active,Brent Parker,Net 30,5099393850,mfjjsva@gmail.com,,Josh Jones,2026-08-18,
CO-0497,TN-PACKOUT SUPPLY LLC,Dealer,,Active,Brent Parker,PREPAID,423 782 0211,GABE@PACKOUTSUPPLY.COM,,GABE SUPINO,2026-08-18,"Card Number: 4147 2037 4834 9277
Expiration Date: 01/31
SEC: 492
1313 Watauga St Kingsport Tn 37660"
CO-0498,TN-TOM'S SPORTING GOODS,Dealer,,Active,,Net 30,423-581-3811,,,TN-TOM'S SPORTING GOODS,,
CO-0499,TX-ALVARADO ARCHERY - NABA,Buy Group,NABA,Active,,Net 30,817 783 7300,tony@alvaradoarchery.com,,TX-ALVARADO ARCHERY,2026-08-18,
CO-0500,TX-ARCHERY COUNTRY - SI #970,Buy Group,Sports Inc,Active,,Net 30,512-452-1222,accounting@austinarcherycountry.com,,"TYLER Vanderkolk, Owner",2026-09-23,
CO-0501,TX-ARCHERY OUTFITTERS INTERNATIONAL - NABA,Buy Group,NABA,Active,,Net 30,361-993-4868,archeryoutfittersint@yahoo.com,,DAVID,2026-08-18,
CO-0502,TX-ARRO - Fort Grard Guns & Archery #590,Buy Group,ARRO,Active,Brent Parker,NET 45,,AP@archeryretailers.com,,ARRO ,2026-08-18,
CO-0503,TX-BIG O'S ARCHERY - NABA,Buy Group,NABA,Active,,Net 30,903-870-2114,bowdoctor@juno.com,,ORVIE CANTRELL JR,2026-08-18,
CO-0504,TX-CALLENDER LAKE STORE LLC,Dealer,,Active,,PREPAID,903-469-4012,,,TX-CALLENDER LAKE STORE LLC,,
CO-0505,TX-CINNAMON CREEK RANCH - NBS 875,Buy Group,NBS,Active,,Net 30,817-439-8998/kyle,nola@cinnamoncreekranch.com,,kyle is buyer accounting ext 6,,
CO-0506,TX-DOMINION OUTFITTER,Dealer,,Active,,PREPAID,,manly.perry@gmail.com,,MICHAEL PERRY,2026-08-18,
CO-0507,TX-EAST TEXAS HARDWARE - ARRO,Buy Group,ARRO,Active,,NET 45,,ap@archeryretailers.com,,TX-ARRO-EAST TEXAS HARDWARE,,
CO-0508,TX-GATEWAY ARCHERY,Buy Group,,Active,,Net 30,(817) 759-2220,gwainvoices@gmail.com,,JIM FAVER,2026-08-18,
CO-0509,TX-HOFFYS ARCHERY - NBS 625,Buy Group,NBS,Active,,Net 30,512-564-1000,apbarton3898@hotmail.com,,AARON BARTON,2026-08-18,
CO-0510,TX-LEGACY ARCHERY,Buy Group,,Active,,PREPAID,817-349-8345,legacyarcherydfw@gmail.com,,ROPER WALL,2026-08-18,
CO-0511,TX-LIVE OAK ARCHERY,Dealer,,Active,,PREPAID,979) 260-9831,liveoakarchery@gmail.com,,sam,2026-08-18,
CO-0512,TX-LONE STAR / OUTLAW ARCHERY,Buy Group,,Active,,PREPAID,281-577-7297,lonestararchery@yahoo.com,,William Chambers,2026-08-18,
CO-0513,TX-MESQUITE ARCHERY - ARRO,Buy Group,ARRO,Active,,NET 45,210-256-8004,mesquitearchery@att.net,,javier,2026-08-07,
CO-0514,TX-NOCKED & LOADED - ARRO,Buy Group,ARRO,Active,,NET 45,512-556-4700,Ap@archeryretailers.com,,sam beasley,2026-09-17,
CO-0515,TX-ON TARGET - ARRO,Buy Group,ARRO,Active,,NET 45,903-865-8880,Ap@archeryretailers.com,,bryan,,
CO-0516,TX-PRECISION ARCHERY - NABA,Buy Group,NABA,Active,,Net 30,409-735-5808,,,Donnie,,
CO-0517,TX-R & C ARCHERY,Buy Group,,Active,,COD,979 265 8301,rcarchery@sbcglobal.net,,ROY,2026-08-18,
CO-0518,TX-SPORTSMANS FINEST LLC - SI #1427,Dealer,Sports Inc,Active,,Net 30,(512) 263-1888,john@sportsmansfinest.com,,taggart,,
CO-0519,TX-TEXAS ARCHERY - NABA,Buy Group,NABA,Active,,Net 30,979-485-9950,wjmbow@gmail.com,,Joey,2026-08-18,
CO-0520,TX-THE BOW ZONE,Buy Group,,Active,,PREPAID,281 443 0066,texarchery@gmail.com,,Will Chambers,2026-08-18,
CO-0521,TX-THE COLONY SCHEELS,Big Box,,Active,,Net 30,jclutsinger@scheels.c,CO_AP@scheels.com,,TX-THE COLONY SCHEELS,,"freight collect fed ex 792379370
zip: 58103 | Tags: Scheels"
CO-0522,TX-TRIPLE EDGE ARCHERY,Buy Group,,Active,,PREPAID,936-257-8981,srussell@tripleesusa.com,,mason or sam,,
CO-0523,TX-TROPHY HUNTERS ARCHERY,Dealer,,Active,,PREPAID,409-658-7762,ARCHERY05@LIVE.COM,,GARY,2026-08-18,
CO-0524,TX-VIKING ARCHERY,Buy Group,,Active,,Net 30,830-227-5171,lannie.whiteford@gvtc.com,,Tim,,
CO-0525,TX-WEST HOUSTON ARCHERY,Buy Group,NABA,Active,,Net 30,713-467-4800,wharchery@gmail.com,,Adrian,2026-09-23,
CO-0526,TX-WINCHESTER SPORTMANS OUTFITTERS - SI #1245,Buy Group,Sports Inc,Active,,Net 30,903-759-0638,,,shelly or greg,2026-08-07,
CO-0527,UT - Safari Tuff,Dealer,,Active,Brent Parker,PREPAID,801 361 5749,help@safarituff.com,,Danny Villarreal,2026-08-18,
CO-0528,UT-PACIFIC FLYWAY WHOLESALE,Big Box,,Active,Brent Parker,Net 30,transportation@sports,pacflyinv@ipayables.com,,Shafali Ray,2026-08-18,
CO-0529,UT-SANDY SCHEELS,Big Box,,Active,,Net 30,801-948-7080,co_ap@scheels.com,,UT-SANDY SCHEELS,,"freight collect fed ex 792379370
zip: 58103 | Tags: Scheels"
CO-0530,UT-TOP OF UTAH ARCHERY LLC,Buy Group,,Active,,Net 30,435-753-9610,,,UT-TOP OF UTAH ARCHERY LLC,,
CO-0531,VA-DOUBLE X ARCHERY LLC - NABA,Dealer,NABA,Active,,Net 30,(540) 206-0041,,,MIKE,,
CO-0532,VA-FIVE ALARM ARCHERY,Dealer,,Active,Brent Parker,PREPAID,540-414-2609,fivealarmarchery@gmail.com,,Gregory Kirtley,,
CO-0533,VA-HEARTLAND OUTFITTERS - ARRO,Buy Group,ARRO,Active,,NET 45,540-879-2705,ap@archeryretailers.com,,VA-ARRO-HEARTLAND OUTFITTERS,,
CO-0534,VA-HOFFMAN ARCHERY INC - NABA,Buy Group,NABA,Active,,Net 30,540-349-1631,hoffmanarchery@comcast.net,,VA-HOFFMAN ARCHERY INC,2026-08-18,
CO-0535,VA-ROCKINGHAM COOPERATIVE - NBS 464,Buy Group,NBS,Active,,Net 30,540-434-3856,"archery@rockinghamcoop.com,ap@rockinghamcoop.com",,STACY KNIGHTEN,,
CO-0536,VA-WILCOX BAIT AND TACKLE - ARRO,Buy Group,ARRO,Active,,NET 45,757-595-5537,ap@archeryretailers.com,,Tom,,
CO-0537,VIP-DARRELL GOGERT,Dealer,,Active,,PREPAID,208-401-6634,darrellgogert@yahoo.com,,VIP-DARRELL GOGERT,,
CO-0538,VIP-DAVE MICHEELS,Dealer,,Active,,PREPAID,308-631-2182,,,VIP-DAVE MICHEELS,,
CO-0539,VIP-DOUG ARNOLD,VIP,,Active,,Net 60,719-368-9188,,,VIP-DOUG ARNOLD,,
CO-0540,VIP-ERIN  Throckmorton,VIP,,Active,,Net 60,,,,VIP-ERIN  Throckmorton,,
CO-0541,VIP-KEITH RIEHN,VIP,,Active,,PREPAID,,,,VIP-KEITH RIEHN,,
CO-0542,VIP-Ray Francingues,VIP,,Active,,Net 60,,ray_lisa20@hotmail.com,,VIP-Ray Francingues,,
CO-0543,VIP-TRINITY SPECIAL SPORTSMANS MINISTRIES,VIP,,Active,,PREPAID,813-389-3678,trinitysportsmanfla@gmail.com,,Dennis Pawlowski,,
CO-0544,VT - R&L Archery - NBS 335,Buy Group,NBS,Active,Brent Parker,Net 30,(802) 479-9151,rlorders@aol.com,,Chris,2026-08-18,"Tags: NBS,Buy Group"
CO-0545,VT-PELKEYS ARCHERY - ARRO #285,Buy Group,ARRO,Active,,NET 45,802-524-2582,john@pelkeysarchery.com,,john is owner,2026-09-29,
CO-0546,VT-RACK N REEL - SI #1405,Buy Group,Sports Inc,Active,,Net 30,(802) 453-2000,john@racknreel.com,,VT-RACK N REEL,2026-08-18,
CO-0547,WA-ARCHERY WORLD,Buy Group,,Active,,Net 30,(360) 693-7510,,,WA-ARCHERY WORLD,,
CO-0548,WA-BOB'S SPORTING GOODS - NABA,Buy Group,NABA,Active,,Net 30,360-425-3870,darins@bobsmerch.com,,WA-BOB'S SPORTING GOODS,2026-08-18,
CO-0549,WA-CROFT ARCHERY,Dealer,,Active,,COD,,CROFTARCHERY@GMAIL.COM,,WA-CROFT ARCHERY,2026-08-18,
CO-0550,WA-HOOKED ON TOYS,Buy Group,,Active,,Net 30,509-663-0740,hotsoffice@gmail.com,,WA-HOOKED ON TOYS,,
CO-0551,WA-Kennewick RANCH AND HOME - NBS 360,Buy Group,NBS,Active,,Net 30,509-737-1996,caleb@ranch-home.com,,CALEB BROWN,2026-08-18,
CO-0552,WA-OBSESSION ARCHERY,Dealer,,Active,,PREPAID,425-219-7285,sparrow808@gmail.com,,WA-OBSESSION ARCHERY,2026-08-18,
CO-0553,WA-SPOKANE VALLEY ARCHERY - PODIUM,Buy Group,,Active,Brent Parker,Net 30,,mfjjsva@gmail.com,,Josh Jones,2026-08-18,
CO-0554,WI - ANCHOR POINT ARCHERY -ARRO,Buy Group,,Active,Brent Parker,NET 45,,AP@archeryretailers.com,,ARRO INVOICE,2026-08-18,"Tags: Buy Group,ARRO"
CO-0555,WI - KUF CORP,Dealer,,Active,,PREPAID,(920)342-3377,SUCCESS@KUFCORP.COM,,HADEN KUFAHL,2026-08-18,
CO-0556,WI - Schneider Supplies Inc.,Dealer,,Active,,PREPAID,920-988-4855,andy@kufcorp.com,,Andy Schneider,2026-08-18,
CO-0557,WI-A1 ARCHERY - ARRO,Buy Group,ARRO,Active,,NET 45,715-386-1217,ap@archeryretailers.com,,john,,
CO-0558,WI-APPLETON SCHEELS,Big Box,,Active,,Net 30,920-830-2977,co_ap@scheels.com,,andy,,"freight collect fed ex 792379370
zip: 58103 | Tags: Scheels"
CO-0559,WI-ARROWS IN THE SQUARE - ARRO #364,Buy Group,ARRO,Active,,NET 45,608-526-2609,ap@archeryretailers.com,,Mark,,
CO-0560,WI-BUCK RUB OUTFITTERS - NABA,Buy Group,NABA,Active,,Net 30,262-547-0535,accounting@buckrubarchery.com,,Brian- buyer,,
CO-0561,WI-BUCKS AND BULLS,Buy Group,,Active,Brent Parker,PREPAID,,bucksandbullsarchery@gmail.com,,Jerry,,
CO-0562,WI-CHASE OUTDOORS - SI #1283,Buy Group,Sports Inc,Active,,Net 30,715-298-5118,,,JUSTIN GAICHE,,
CO-0563,WI-CRITTERS WOLF RIVER SPORTS - ARRO #603,Buy Group,,Active,,NET 45,920-582-0471,critterssports@gmail.com,,WI-CRITTERS WOLF RIVER SPORTS,2026-08-18,
CO-0564,WI-EAU CLAIRE SCHEELS,Big Box,,Active,,Net 30,715-833-1886,co_ap@scheels.com,,jeff miller,,"freight collect fed ex 792379370
zip: 58103 | Tags: Scheels"
CO-0565,WI-FORGE BOWS,Dealer,,Active,,2% 15 NET 30,414-732-7400,,,STEVE PAGEL,,
CO-0566,WI-GRUNST ARCHERY - ARRO 99,Buy Group,ARRO,Active,,NET 45,715-369-1419,ap@archeryretailers.com,,WI-ARRO-GRUNST ARCHERY,,
CO-0567,WI-HUNT N GEAR  - ARRO #373,Buy Group,ARRO,Active,,NET 45,608-743-4327,AP@archeryretailers.com,,WI-ARRO-HUNT N GEAR #373,,
CO-0568,WI-J'S ARCHERYPRO SHOP  - ARRO #418,Buy Group,ARRO,Active,,NET 45,715-627-2697,japostrysarchery@hotmail.com,,Brian Vogel,2026-09-17,
CO-0569,WI-LACROSSE ARCHERY,Buy Group,,Active,,Net 30,608-781-7752,,,WI-LACROSSE ARCHERY,,
CO-0570,WI-MOULDYS ARCHERY&TACKLE - ARRO #98,Buy Group,ARRO,Active,,NET 45,715-723-3607,ap@archeryretailers.com,,Will/sawyer,,
CO-0571,WI-PAPPAS TRADING POST - ARRO #440,Buy Group,ARRO,Active,,NET 45,608-753-2022,ap@archeryretailers.com,,JC OR RANDY,,
CO-0572,WI-PET SUPPLY OUTLET DBA - NABA,Buy Group,NABA,Active,,Net 30,920-208-1027,john@pettreats.com,,JOHN VERGERONT,2026-08-18,
CO-0573,WI-Root River Archery - NABA,Buy Group,NABA,Active,Brent Parker,Net 30,,info@rootriverarchery.com,,Root River Archery,2026-08-18,
CO-0574,WI-THE ALIVE LOOK TAXIDERMY,Dealer,,Active,,PREPAID,608-583-3243,,,BILL,,
CO-0575,WI-WEST TOWN ARCHERY - ARRO,Buy Group,ARRO,Active,,NET 45,414-444-7944,qb@westtownarchery.com,,"PAUL, ROB, TED",,
CO-0576,WI-WICKED ARCHERY LLC - ARRO,Buy Group,ARRO,Active,,NET 45,262-424-1708,ap@archeryretailers.com,,DON,,
CO-0577,WI-WILDERNESS FISH &GAME,Dealer,,Active,,PREPAID,,chris@wildernessfishgame.com,,CHRIS SCATES,2026-09-29,
CO-0578,"WV - FLAT TOP ARMS, INC. - SI #831",Buy Group,Sports Inc,Active,Brent Parker,Net 30,,importinvoice@hq.sportsinc.om,,Sports Inc ,,
CO-0579,WV-ADDINGTONS BOWHUNTER SHOP,Buy Group,,Active,,PREPAID,(304) 755-2085,antiquesfloralsandmore@aol.com,,FRANK,2026-08-18,
CO-0580,WV-JAYS BAIT AND TACKLE,Dealer,,Active,,PREPAID,304-530-6729,jaysbaitandtackle@gmail.com,,KATE,2026-08-18,
CO-0581,WV-KNOBLEY FARM SPORTSHOP - NABA,Buy Group,NABA,Active,,Net 30,304 788 6304,megan@knobleyfarm.com,,Carl and megan burns,2026-08-18,
CO-0582,WV-PC BAIT TACKLE - NABA,Buy Group,NABA,Active,,Net 30,304-466-1444,pcbaits@frontier.com,,MATT JESSE,2026-08-18,
CO-0583,WY-JASON OBERMILLER,Dealer,,Active,,PREPAID,308-880-1457,,,WY-JASON OBERMILLER,,
CO-0584,Rack Attack,Other,,Prospect,Brent Parker,,,,,,,Added from outreach log (logged as 'Rack aTatck'); not yet in the official customer list — verify company details.
CO-0585,GA-Big Woods Goods,Dealer,,Prospect,Brent Parker,,,,,,2026-08-14,Added from outreach log — called wanting to become a dealer; not yet in the official customer list.
CO-0586,The Woodsguys Inc,Other,,Prospect,Brent Parker,,,,,,,Added from outreach log; not yet in the official customer list — verify company details.
CO-0587,AL-CHAMBLEY'S ARCHERY,Dealer,,Prospect,Brent Parker,,(334) 768-2662,,,,2026-08-18,"New prospect — 3750 20th Ave, Valley, AL 36854. Not yet an official customer. | Called 8/18 — not interested at this moment. Keeping as prospect to revisit later."
CO-0588,AL-BENNETT'S ARCHERY,Dealer,,Prospect,Brent Parker,,(334) 514-1286,travis@bennettsarchery.com,,Travis,2026-08-18,"New prospect — 84 Kerri Ln, Wetumpka, AL 36092. Not yet an official customer."
CO-0589,AR-SLINGIN' ARROWS,Dealer,,Prospect,Brent Parker,,(870) 639-8133,bsmithslinginarrows@gmail.com,,B. Smith,2026-08-18,"New prospect — 1100 E Main St, El Dorado, AR 71730. Not yet an official customer."
CO-0590,IL-BUCK STOP ARCHERY,Dealer,,Prospect,Brent Parker,,(618) 427-5264,,,,2026-08-18,"New prospect — 1532 N 1535 St, Brownstown, IL 62418. Not yet an official customer."
CO-0591,IN-CUTTING EDGE SPORTING GOODS,Dealer,,Prospect,Brent Parker,,(812) 560-4208,tom.cuttingedge@etczone.com,,Tom,2026-08-18,"New prospect — 1305 N Lincoln St, Greensburg, IN 47240. Not yet an official customer."
