Contact ID,Contact Name,Company,Job Title,Phone,Mobile Phone,Email,Primary Contact,Include in Emails,Owner,Notes
CT-0001,DAVID,AK-FULL CURL ARCHERY,,907-830-2089,,,Yes,No,,
CT-0002,LARRY RC ODELL,AL - ODELLS OUTDOORS ARCHERY,,12565613791,,,Yes,No,,
CT-0003,BRANDON,AL-BOWHUNTERPROSHOP - NABA,,251-675-1000,,bowhunterproshop@gmail.com,Yes,No,,
CT-0004,AL-DEEPSOUTH ARCHERY,AL-DEEPSOUTH ARCHERY,,334-796-5759,,deepsoutharchery2021@yahoo.com,Yes,No,,
CT-0005,Mike Tew,AL-SOUTHEAST ARCHERY,,334-446-6198,334-726-6254  DUSTY,southeast.archery14@gmail.com,Yes,No,,
CT-0006,Wyatt McCaghren,AR - THE FLIGHT SHOP,,5016976116,,wyatt@theflightshops.com,Yes,No,,
CT-0007,jeremy,AR-ARCHERS ADVANTAGE - NABA,,501 663 2245,,accountspayable@archers-advantage.com,Yes,No,Brent Parker,
CT-0008,ARKANSAS TRADING & LOAN,AR-ARKANSAS TRADING & LOAN - ARRO 387,,479-967-4867,,Ap@archeryretailers.com,Yes,Yes,,
CT-0009,ARRO Accounts Payable,AR-ARKANSAS TRADING & LOAN - ARRO 387,,,,Ap@archeryretailers.com,No,Yes,,
CT-0010,DALTON,AR-BETTER OUTDOORS ARCHERY,,870-475-3337,,betteroutdoorarchery@gmail.com,Yes,No,,
CT-0011,TOMMY THOMASON,AR-CHIEFS ARCHERY,,501-416-6711,,chiefsarchery@gmail.com,Yes,No,,
CT-0012,Sports Inc,AR-DNW OUTDOORS - SI #1389,,,,importinvoice@hq.sportsinc.com,No,Yes,,
CT-0013,Will,AR-DNW OUTDOORS - SI #1389,,870 972 5827,,wmarriott@dnwoutdoors.com,Yes,No,,
CT-0014,ARRO Accounts Payable,AR-FAVORED FOUR INC  - ARRO 572 (DBA Archers Pro Shop),,,,Ap@archeryretailers.com,No,Yes,,
CT-0015,KALINN DAVIS,AR-FAVORED FOUR INC  - ARRO 572 (DBA Archers Pro Shop),,870-435-4343,,Ap@archeryretailers.com,Yes,Yes,,
CT-0016,Chase,AR-GELLCO - NBS 228,,479-646-2402,,office@gellcooutdoors.com,Yes,No,,
CT-0017,ANDY MILLER,AR-HIDDEN CREEK OUTDOORS - NABA,,870-368-4361,,hiddencreekoutdoors@gmail.com,Yes,No,,
CT-0018,AR-HUNTERS REFUGE,AR-HUNTERS REFUGE - NBS 234,,870-247-9000,,brent@huntersrefuge.com,Yes,No,,
CT-0019,JEREME BATSON,AR-JOOTTI OUTDOORS,,479-800-4468,,jbatson@jootti.com,Yes,No,,
CT-0020,AR-ARRO-MT GEORGE ARCHERY,AR-MT GEORGE ARCHERY  - ARRO 259,,479-576-2786,,ap@archeryretailers.com,Yes,Yes,,
CT-0021,ARRO Accounts Payable,AR-MT GEORGE ARCHERY  - ARRO 259,,,,Ap@archeryretailers.com,No,Yes,,
CT-0022,Nick,AR-NESHOBA SPORTS ARCHERY,,501-887-9055,,NESHOBA@ARKANSAS.NET,Yes,No,,
CT-0023,AARON WEISS,AR-OUTDOOR AMERICA - NABA,,479-872-6003,,outdooramericaarchery@gmail.com,Yes,No,,
CT-0024,DAVID GIBSON,AR-RAZORBACK ARCHERY - NABA,,870-994-7850,,david.gibsong2@yahoo.com,Yes,No,,
CT-0025,Brett,AR-SOUTHTOWN SPORTING GOODS - SI #638,,479 443 7148,,b.aggstsg@gmail.com,Yes,No,,
CT-0026,Sports Inc,AR-SOUTHTOWN SPORTING GOODS - SI #638,,,,importinvoice@hq.sportsinc.com,No,Yes,,
CT-0027,Cullen Pfeifer,AR-YELLCO OUTDOOR SUPPLY,,,,yellcooutdoorsupply@gmail.com,Yes,No,,
CT-0028,AUSTRALIA-ARCHERY SUPPLIES,AUSTRALIA-ARCHERY SUPPLIES,,,,archeryshop@archeryshop.com.au,Yes,No,,
CT-0029,CHRIS WELLNER,AUSTRALIA-OZ HUNTING AND BOWS,,03 95709100,,chris@ozhuntingandbows.com.au,Yes,No,,
CT-0030,Bull Basin Archery,AZ - BULL BASIN ARCHERY - SI #1366,,928 526 1025,,BBAFLAG@GMAIL.COM,Yes,No,Brent Parker,
CT-0031,Sports Inc,AZ - BULL BASIN ARCHERY - SI #1366,,,,importinvoice@hq.sportsinc.com,No,Yes,Brent Parker,
CT-0032,RANDY IS OWNER,AZ-ARCHERY HEADQUARTERS - NABA,,480-961-3100,,archeryhq@hotmail.com,Yes,Yes,,
CT-0033,Will,AZ-ARCHERY HEADQUARTERS - NABA,manager,480-961-3100,,archeryhq@hotmail.com,No,No,,
CT-0034,RON OLIVER,"AZ-BEARS ARCHERY, GUNS&PROSPECTING INC",,928-733-5102,,bearguns@gmail.com,Yes,No,,
CT-0035,AZ-CHANDLER SCHEELS,AZ-CHANDLER SCHEELS,,,,,Yes,No,,
CT-0036,RHONDA CRABTREE,AZ-CORNER ARCHERY,,623-842-3337,,cornerarchery@gmail.com,Yes,No,,
CT-0037,STEVEN,AZ-FOUR PEAKS ARCHERY,,480-834-0958,,fourpeaks@gwestoffice.net,Yes,No,,
CT-0038,BRIAN ROBINSON,AZ-ROBINSON ARCHERY,,520-275-8150,,robinsonarchery@gmail.com,Yes,No,,
CT-0039,DAVID,"AZ-ROSS OUTDOORS, LLC - SI #1379",,,,scout@rossoutdoors.com,No,No,,
CT-0040,Sports Inc,"AZ-ROSS OUTDOORS, LLC - SI #1379",,,,mailtoimportinvoice@hq.sportsinc.com,No,No,,
CT-0041,CALEB BREWER,AZ-STICK SNIPER ARCHERY,,520-747-3875,,stickssniperarchery@gmail.com,Yes,No,,
CT-0042,BELGUIM-SPORTING GOODS C,BELGUIM-SPORTING GOODS C,,32(0)50 42 72 40,,"Axel@ssa-archery.be,jill@ssa-archery.be",Yes,No,,
CT-0043,nick,CA-BOW N ARROW SHOP,,619-443-5488,,bownarrow.ink@gmail.com,Yes,No,,
CT-0044,CA-JEFF'S SPECIALTY SPORTS,CA-JEFF'S SPECIALTY SPORTS,,626-921-5071,,info@jeffsspecialtysports.com,Yes,No,,
CT-0045,DON TROXELL,CA-LODI ARCHERY - NABA,,209-727-7116,,lodiarchery@hotmail.com,Yes,No,,
CT-0046,ARRO Accounts Payable,CA-MARIN ARCHERY  - ARRO - 514,,,,Ap@archeryretailers.com,No,Yes,,
CT-0047,CA-ARRO-MARIN ARCHERY,CA-MARIN ARCHERY  - ARRO - 514,,415-862-7769,,ap@archeryretailers.com,Yes,Yes,,
CT-0048,JAMES VANOS,CANADA-ANTLER RIVER ARCHERY,,519-203-1600,,antlerriverarcheryinc@gmail.com,Yes,No,,
CT-0049,Richard,CANADA-ARCHERS NOOK,,519-455-3021,,archnook@execulink.com,Yes,No,,
CT-0050,GORDON ELLIS,CANADA-BIG TIMBER ARCHERY HUNTING,,780-539-9594,780-539-9594,gorde@bigtimberarchery.com,Yes,No,,
CT-0051,CANADA-BUCKYS SPORT SHOP,CANADA-BUCKYS SPORT SHOP,,250-746-4923,,buckys@live.ca,Yes,No,,
CT-0052,GORD,CANADA-CANADA ARCHERY ONLINE,,,,purchasing@canadaarcheryonline.com,Yes,No,,
CT-0053,CANADA-GOLDEN ARROW,CANADA-GOLDEN ARROW,,306-757-1221,,goldenarrow@sasktel.net,Yes,No,,
CT-0054,Kenneth Deadmarsh,CANADA-HARDCOREARCHERY,,250-861-5297,,,Yes,No,,
CT-0055,jason sweet,"CANADA-HEIGHTS ARCHERY RANGE, INC",,204-832-4421,,jason@heightsoutdoors.com,Yes,No,,
CT-0056,JIM JOHNSON,CANADA-JIM BOWS ARCHERY,,403-250-7713,,info@jimbowsarchery.ca,Yes,No,,
CT-0057,Robert Mereska,CANADA-Leapfrog Outdoor Sports and Appare,,587-486-0563,,rob@leapfrogoutdoor.ca,Yes,No,,
CT-0058,Jascha Handel,CANADA-LODGEPOLE OUTDOORS,,587-340-1049,,,Yes,No,,
CT-0059,ALAN LECLERC,CANADA-NIGAVA SPORTS DISTRIBUTION,,418-889-0909,450-223-9089,alain@nigavasports.ca,Yes,No,,
CT-0060,ARRO Accounts Payable,CANADA-SHOOTERS CHOICE LTD - ARRO 441,,,,Ap@archeryretailers.com,No,Yes,,
CT-0061,Sanders Wong,CANADA-SHOOTERS CHOICE LTD - ARRO 441,,519 746 8139,,ap@archeryretailers.com,Yes,Yes,,
CT-0062,Paige Graves,Canada-Tyee Archery and Outdoors,,778/470/0389,,paige@tyeearchery.ca,Yes,No,Brent Parker,
CT-0063,megan,CA-OC ARCHERY - NABA,,949-916-6855,,infor@ocarchery.com,Yes,No,,
CT-0064,CA-PACIFICA ARCHERY,CA-PACIFICA ARCHERY,,650-756-4868,,info@pacificaarchery.com,Yes,No,,
CT-0065,Curtis,CA-PREDATORS ARCHERY - NABA,,408-842-7733,sec code on credit ca,predator@garlic.com,Yes,No,,
CT-0066,CA-RIVERSIDE ARCHERY,CA-RIVERSIDE ARCHERY,,951-684-9192,,chris@riversidearcheryca.net,Yes,No,,
CT-0067,john,CA-THE ARCHERY HAVEN,,559-592-4556,,exstreamhunter@msn.com,Yes,No,,
CT-0068,DON STIDMAN,CA-THE ARCHERY SHOP-BAKERFIELD - NABA,,661-631-9040,,1elk@bak.rr.com,Yes,No,,
CT-0069,Mike/buyer owner,CA-THE BOW RACK OF REDDING,,530-243-5181,,thebowrack@sbcglobal.net,Yes,No,,
CT-0070,Tim,CA-THECROSSBOWSTORE.COM - NABA,,,,accounting@thecrossbowstore.com,Yes,No,Brent Parker,
CT-0071,CA-TURNERS OUTDOORSMAN,CA-TURNERS OUTDOORSMAN - NBS 146 - NABA,,909-923-7582,,RSimoneau@turners.com,Yes,No,,
CT-0072,Scott Elliot,CA-TURNERS OUTDOORSMAN - NBS 146 - NABA,,,(626) 636-6305,SElliott@turners.com,No,No,,
CT-0073,HANS OLUSS,CA-WEST COAST ARCHERY SHOP,,707-766-9971,,hans@westcoastarcheryshop.com,No,No,Brent Parker,
CT-0074,WEST COAST ARCHERY SHOP,CA-WEST COAST ARCHERY SHOP,,707-766-9971,,,Yes,No,Brent Parker,
CT-0075,Matt,CA-WILDERNESS ARCHERY - SI #1394,,916-630-8700,,info@wildernessarchery.com,Yes,No,,
CT-0076,Sports Inc,CA-WILDERNESS ARCHERY - SI #1394,,,,importinvoice@hq.sportsinc.com,No,Yes,,
CT-0077,BRET SCOTT,CA-WILLOW CREEK ARCHERY - NABA,,951-587-9928,,willowcreekarchery@outlook.com,Yes,No,,
CT-0078,NIGEL HOLMAN,CO - PAGOSA GUNS,,619 890 1137,,Nigelh888@gmail.com,Yes,No,,
CT-0079,JAN,CO-ARCHERY DEPOT,,970-351-8262,,,Yes,No,,
CT-0080,Ed and Sandy,CO-BEAR CREEK ARCHERY - NABA,,303-781-8733,,bearcreek@bearcreekarchery.com,Yes,No,,
CT-0081,arliss/bill,CO-BILL PELLERGRINO'S ARCHERY - NABA,,719-638-0554,,billincamo@aol.com,Yes,No,,
CT-0082,CO-COLORADO SPRINGS SCHEELS,CO-COLORADO SPRINGS SCHEELS,,469-854-7500,,CO_AP@scheels.com,Yes,No,,
CT-0083,CO-GOODS FOR THE WOODS,CO-GOODS FOR THE WOODS,,970-247-5725,,goodsforthewoods1@yahoo.com,Yes,No,,
CT-0084,andy long,CO-JAX OUTDOOR GEAR,,515-292-2276,,andy.long@jax-gear.com,No,No,,
CT-0085,andy long,CO-JAX OUTDOOR GEAR,,515-292-2276,,andy.long@jaxgoods.com,Yes,Yes,,
CT-0086,AP,CO-JAX OUTDOOR GEAR,,,,ap@jaxgoods.com,No,Yes,,
CT-0087,CO-JOHNSTOWN SCHEELS,CO-JOHNSTOWN SCHEELS,,,,co_ap@scheels.com,Yes,No,,
CT-0088,Gabe,CO-RED ROCK ARCHERY,,970-241-2697,,loose_arrows10@yahoo.com,Yes,No,,
CT-0089,Tom/opens at 11cst Clum,CO-ROCKY MT SPECIALTY - NABA,,303-421-2259,,chris@rmsgear.com,Yes,No,,
CT-0090,SALLY,CO-SKI AND BOW RACK,,970-264-2370,,info@skiandbowrack.com,Yes,No,,
CT-0091,Brad Love,CO-WESTERN RECREATION,,719-539-1295,,"stan@wribiz.net,snblove@wribiz.net",Yes,No,,
CT-0092,Craig patrick,Craig patrick - Archery Cartel,,,,Archerycartel@gmail.com,Yes,No,,
CT-0093,JIM,CT-GREATREE ARCHERY/CARBONPRO,,860-432-5522,,JIM@GREATREEARCHERY.COM,Yes,No,,
CT-0094,ARRO Accounts Payable,CT-HALLS ARROW ARCHERY - ARRO #33,,,,Ap@archeryretailers.com,No,Yes,,
CT-0095,Richard,CT-HALLS ARROW ARCHERY - ARRO #33,,860-646-4565,,richard@hallsarrow.com,Yes,Yes,,
CT-0096,ARRO Accounts Payable,DE-BLACK BEAR ARCHERY - ARRO #372,,,,Ap@archeryretailers.com,No,Yes,,
CT-0097,DE-ARRO-BLACK BEAR ARCHERY#372,DE-BLACK BEAR ARCHERY - ARRO #372,,302-832-2373,,ap@archeryretailers.com,Yes,Yes,,
CT-0098,ARRO Accounts Payable,DE-BOWZNAMMO - ARRO 542,,,,Ap@archeryretailers.com,No,Yes,,
CT-0099,STEVE,DE-BOWZNAMMO - ARRO 542,,302-603-4738,,ap@archeryretailers.com,Yes,Yes,,
CT-0100,colin Helton,DEL - colin Helton,,5024039253,,colinhelton@outlook.com,Yes,No,,
CT-0101,Deven Cohan-Dutcher,Deven Cohan-Dutcher,,608-302-1056,,Dutcherdeven2@gmail.com,Yes,No,,
CT-0102,Ethan Cannon-Ziolko,Ethan Cannon-Ziolko,,5038605622,,ethanccz10@gmail.com,Yes,No,,
CT-0103,MARK IS OWNER,FL-ADVENTURES ARCHERY,,813 664 8700,813-493-1970 cell-Mar,AP@ADVENTURESARCHERY.COM,Yes,No,,
CT-0104,SEAN SCHAFER,FL-ARROWHEAD ARCHERY,,813-621-4279,,accounts@arrowheadarcheryshop.com,Yes,No,,
CT-0105,Bradley Farhat,FL-ARROWS UNLIMITED LLC,,904-579-4603,,arrowsunlimited2022@gmail.com,Yes,No,,
CT-0106,AARON FONG,FL-BROTHERS OUTDOORS,,941-702-5853,941-376-5728,brothersoutdoorsfl@gmail.com,Yes,No,,
CT-0107,FL-EASY RIDE ARCHERY,FL-EASY RIDE ARCHERY,,850-250-1188,,bowhunter32423@gmail.com,Yes,No,,
CT-0108,FL-GREEN ACRES SPORTING GOODS,FL-GREEN ACRES SPORTING GOODS,,,,,Yes,No,,
CT-0109,PHILLIP MARKS,FL-MARKSMAN ARCHERY,,772-634-0651,,,Yes,No,,
CT-0110,cam,FL-PRECISION TACTICAL ARMS CO,,850-902-6162,808-375-4816,sales@ptarms.com,Yes,No,,
CT-0111,GEORGE,FL-STRAIGHT SHOOTER CUSTOM ARROWS,,352-396-6060,,georgejmanganaro@gmail.com,Yes,No,,
CT-0112,FRANCE-ARCHERIE MANIA,FRANCE-ARCHERIE MANIA,,,,contact@archeriemania.com,Yes,No,,
CT-0113,Jean-Regis Derre ESTELLE,FRANCE-LAS DISTRIBUTION,,33 4 92 91 40 50,,LAS.DISTRI@orange.fr,Yes,No,,
CT-0114,Charles Bruxelle,France-Liberte Outdoors,,6124128200,,contact.liberteoutdoors@gmail.com,Yes,No,,
CT-0115,Pat Wiley,GA - THE OUTDOOR DEPOT - SI #1118,,770 539 9653,770 539 9653,PATWILEY19@GMAIL.COM,Yes,No,Brent Parker,
CT-0116,Sports Inc,GA - THE OUTDOOR DEPOT - SI #1118,,,,importinvoice@hq.sportsinc.com,No,Yes,Brent Parker,
CT-0117,TYLER CLIFTON,GA-221 GUN & PAWN LLC,,,,sales@221gunandpawn.com,Yes,No,,
CT-0118,Chris,GA-BOWHUNTERS SUPPLY,,770-834-3044,,chris@bowshopsupply.com,Yes,No,Brent Parker,
CT-0119,EDDIE MCRAE,GA-CEDAR ROCK OUTFITTERS,,706-553-3337,,cedarrockoutfitter@gmail.com,Yes,No,,
CT-0120,JAMES WEEKS,GA-DIAMONDBACKARCHERY,,706-872-4336,,diamondbackarchery@yahoo.com,Yes,No,,
CT-0121,Sandra Evans,"GA-Feathers & Antlers Outdoors, LLC - NBS #879",AP,706-559-0104,,sandra@feathersandantlersoutdoors.com,Yes,Yes,Brent Parker,
CT-0122,Scot Evans,"GA-Feathers & Antlers Outdoors, LLC - NBS #879",Owner,(706) 335-0034,706 499 5553,scoty.evans@feathersandantlersoutdoors.com,No,Yes,Brent Parker,
CT-0123,GA-MITCHS ARCHERY,GA-MITCHS ARCHERY - NABA,,770-479-7004,,msaxon1257@gmail.com,Yes,No,,
CT-0124,Jeff Houston,GA-REEVES HARDWARE CO - NABA,,(706) 782-4253,,ap@reevesacehardware.com,Yes,No,,
CT-0125,JEREMY MCRAE,GA-ROOTS OUTDOORS,,404-967-6194,,shannon@roots-outdoors.com,Yes,No,,
CT-0126,Ashlyn Tucker,GA-Short and Paulk Supply Company ,,229 252 2555,,atucker@shortpaulk.com,Yes,Yes,,
CT-0127,Chris Carney,GA-Short and Paulk Supply Company ,,229 776 3471,,bigjimsbows@gmail.com,No,Yes,,
CT-0128,GA-SOUTHERN STYLE ARCHERY,GA-SOUTHERN STYLE ARCHERY,,(706) 676-7300,,southernstylearchery@gmail.com,Yes,No,,
CT-0129,ANTHONY HILL,GA-TOP TIER ARCHERY LLC - NABA,,770-836-8891,470-658-0109,toptierarchery@yahoo.com,Yes,No,,
CT-0130,marcus bowles,guest-checkout-company,,'+13097140705,,markbowles94@gmail.com,Yes,No,Brent Parker,
CT-0131,BRONSON,HI-J HARA STORE,,(808) 966-5462,,jharaarchery@gmail.com,Yes,No,,
CT-0132,Mark Van Meter,IA - U OUTDOORS,,17155731517,,uoutdoors1@gmail.com,Yes,No,,
CT-0133,sam,IA-AMERICAN OUTDOORS,,319-385-7255,,info@mrsdoepee.com,Yes,No,,
CT-0134,ARRO Accounts Payable,IA-Anthem Archery - ARRO 520,,,,Ap@archeryretailers.com,No,Yes,,
CT-0135,DREW NEILSON,IA-Anthem Archery - ARRO 520,,563-382-4755,,ap@archeryretailers.com,Yes,Yes,,
CT-0136,ARRO Accounts Payable,IA-ARCHERY FIELD&SPORTS - ARRO #3,,,,Ap@archeryretailers.com,No,Yes,,
CT-0137,mark,IA-ARCHERY FIELD&SPORTS - ARRO #3,,515-265-6500,,ap@archeryretailers.com,Yes,Yes,,
CT-0138,jEFF,IA-BLUFF CITY OUTDOORS,,(618) 465-6175,,,Yes,No,,
CT-0139,IA-CEDAR FALLS SCHEELS,IA-CEDAR FALLS SCHEELS,,319-277-3033,,co_ap@scheels.com,Yes,No,,
CT-0140,chris carlson,IA-DES MOINES SCHEELS,,515-727-4065,,co_ap@scheels.com,Yes,No,,
CT-0141,IA-F6 OUTDOORS,IA-F6 OUTDOORS,,319-986-5355,,f6outdoors@gmail.com,Yes,No,,
CT-0142,josh,IA-IOWA CITY SCHEELS,,319-625-9959,,co_ap@scheels.com,Yes,No,,
CT-0143,IA-LONGHORN SADDLERY,IA-LONGHORN SADDLERY,,563-583-0116,,t.longhorndbq@gmail.com,Yes,No,,
CT-0144,MATT,IA-PALO OUTDOORS,,319-851-5290,,palobowdoc@palo-outdoors.com,Yes,No,,
CT-0145,ARRO Accounts Payable,IA-PLUM CREEK ARCHERY LLC - ARRO 436,,,,Ap@archeryretailers.com,No,Yes,,
CT-0146,"Tom, Bruce, Ben Goldsmith",IA-PLUM CREEK ARCHERY LLC - ARRO 436,,563-875-7525,,pcastaff@plumcreekarchery.com,Yes,No,,
CT-0147,nate,IA-SOUTHERN HILLS SCHEELS,,712-252-1551,,co_ap@scheels.com,Yes,No,,
CT-0148,IA-TED ZANGERLE-HUNTING PUBLIC,IA-TED ZANGERLE-HUNTING PUBLIC,,,,tedzangerle@gmail.com,Yes,No,,
CT-0149,AARON,IA-THE HUNTING PUBLIC,,,,aaron@woodsguys.com,Yes,No,,
CT-0150,Patrick,ID-ARCHERY IDAHO - NABA,,208-524-0161,,pkosmicki@archeryidaho.com,Yes,No,,
CT-0151,Accounts Payable,ID-BLACKSHEEP SPORTING GOOD - NBS 255,,208 667 7831,,orders@blacksheepidaho.com,No,Yes,,
CT-0152,Brandon Krom,ID-BLACKSHEEP SPORTING GOOD - NBS 255,,208 667 7831,,brandon@blacksheepidaho.com,Yes,Yes,,
CT-0153,TJ,ID-DEAD ON ARCHERY - NABA,,208 922 9744,208-515-5033,tj5@deadonarchery.com,Yes,No,,
CT-0154,bud robinson,ID-DOWNWIND ARCHERY - NABA,,208-523-2237,,downwind@ida.net,Yes,No,,
CT-0155,ID-MERIDIAN SCHEELS,ID-MERIDIAN SCHEELS,,,,co_ap@scheels.com,Yes,No,,
CT-0156,Jake,ID-NORTH IDAHO ARCHERY - NABA,,208-292-4662,,Northidahoarchery208@gmail.com,Yes,No,,
CT-0157,ARRO Accounts Payable,IL-BLUFF CITY OUTDOORS - ARRO 559,,,,Ap@archeryretailers.com,No,Yes,,
CT-0158,MARK MCMURRAY,IL-BLUFF CITY OUTDOORS - ARRO 559,,618-465-6175,,ap@archeryretailers.com,Yes,Yes,,
CT-0159,Nick Ingalls,IL-GAMEMASTERS - NBS 321,,217-221-9300,,nick.ingalls@gamemastersinc.net,Yes,Yes,,
CT-0160,ARRO Accounts Payable,IL-OUTDOORSMANS SPORT SHOP - ARRO #432,,,,Ap@archeryretailers.com,No,Yes,,
CT-0161,IL-ARRO-OUTDOORSMANS SPORT SHOP#432,IL-OUTDOORSMANS SPORT SHOP - ARRO #432,,847-746-1331,,ap@archeryretailers.com,Yes,Yes,,
CT-0162,ARRO Accounts Payable,IL-OUTRAGEOUS OUTDOORS - ARRO #465,,,,Ap@archeryretailers.com,No,Yes,,
CT-0163,IL-ARRO-OUTRAGEOUS OUTDOORS#465,IL-OUTRAGEOUS OUTDOORS - ARRO #465,,618-639-4867,,ap@archeryretailers.com,Yes,Yes,,
CT-0164,ARRO Accounts Payable,IL-PEKIN BASS&BOW - ARRO 265,,,,Ap@archeryretailers.com,No,Yes,,
CT-0165,MERLE,IL-PEKIN BASS&BOW - ARRO 265,,309-347-3334,,pekinbassandbow@gmail.com,Yes,Yes,,
CT-0166,ARRO Accounts Payable,IL-PIKE COUNTY ARCHERY - ARRO 280,,,,Ap@archeryretailers.com,No,Yes,,
CT-0167,Scott,IL-PIKE COUNTY ARCHERY - ARRO 280,,217-285-1610,,ap@archeryretailers.com,Yes,Yes,,
CT-0168,chad snyder,IL-PRESLEY'S OUTDOORS - SI #717,,309-697-1193,,chad@presleysoutdoors.com,Yes,No,,
CT-0169,Sports Inc,IL-PRESLEY'S OUTDOORS - SI #717,,,,importinvoice@hq.sportsinc.com,No,Yes,,
CT-0170,ARRO Accounts Payable,IL-QUINCY BOW PRO - ARRO,,,,Ap@archeryretailers.com,No,Yes,,
CT-0171,IL-ARRO-QUINCY BOW PRO,IL-QUINCY BOW PRO - ARRO,,217-222-2222,,ap@archeryretailers.com,Yes,Yes,,
CT-0172,ARRO Accounts Payable,IL-SMILEYS SPORT SHOP - ARRO,,,,Ap@archeryretailers.com,No,Yes,,
CT-0173,IL-ARRO-SMILEYS SPORT SHOP,IL-SMILEYS SPORT SHOP - ARRO,,309-663-1133,,ap@archeryretailers.com,Yes,Yes,,
CT-0174,Troy Norman,IL-SNCC OUTDOORS,,,,sncc75@gmail.com,Yes,No,,
CT-0175,IL-SPRINGFIELD SCHEELS,IL-SPRINGFIELD SCHEELS,,217-726-6330,,co_ap@scheels.com,Yes,No,,
CT-0176,John,IL-STEWART ARCHERY,,(217) 549-8671,,browndog@consolidated.net,Yes,No,,
CT-0177,Scott,IL-STRICTLY ARCHERY - NABA,,815-741-0900,,scottb@strictlyarchery.com,Yes,No,,
CT-0178,IL-ZANDERS SPORTING GOODS,IL-ZANDERS SPORTING GOODS,,buyer phone 618-443-2,,darell@gzanders.com,Yes,No,,
CT-0179,Dean VanderHorst ,IN-3 Rivers Archery,,260-587-1020,260-316-4038,dean@3riversarchery.com,Yes,Yes,Brent Parker,
CT-0180,Terri,IN-3 Rivers Archery,,,,terri@3riversarchery.com,No,Yes,Brent Parker,
CT-0181,ARRO Accounts Payable,IN-BACKCOUNTRY HUNTING - ARRO,,,,Ap@archeryretailers.com,No,Yes,,
CT-0182,Norman Raber,IN-BACKCOUNTRY HUNTING - ARRO,,812-444-9357,,normraberbro@gmail.com,Yes,Yes,,
CT-0183,mark meadows,IN-DEAD END ARCHERY - NABA,,765-798-3667,,deadendarc@gmail.com,Yes,No,,
CT-0184,Jerry,IN-DUTCHMAN HUNTING SUPPLIES - SI #1170,,260-768-3283,,jhhoch95@gmail.com,Yes,No,,
CT-0185,Sports Inc,IN-DUTCHMAN HUNTING SUPPLIES - SI #1170,,,,importinvoice@hq.sportsinc.com,No,Yes,,
CT-0186,Kevin Shepard,IN-GREAT OUTDOORS INDIANA - SI #695,,812-482-4867,,greatoutdoors.in@gmail.com,Yes,Yes,,
CT-0187,Sports Inc,IN-GREAT OUTDOORS INDIANA - SI #695,,,,importinvoice@hq.sportsinc.com,No,Yes,,
CT-0188,GREG,IN-GUN WORLD AND SPORTING GOODS - SI #1344,,812-738-0935,,"gunworldcorydon@gmail.com,gunworldwendy@gmail.com",Yes,No,,
CT-0189,Sports Inc,IN-GUN WORLD AND SPORTING GOODS - SI #1344,,,,importinvoice@hq.sportsinc.com,No,Yes,,
CT-0190,Jake,IN-HONEYCREEK TACKLE,,317-422-0102,,jake@honeycreektackle.com,Yes,No,,
CT-0191,jeff,IN-INSIDE OUT ARCHERY,,765 625 2163,,insideoutbowstrings@yahoo.com,Yes,No,,
CT-0192,TOM ROTHROCK,IN-LONESOME ELK ARCHERY - NABA,,812-466-2391,,lonesomeelk@aol.com,Yes,No,,
CT-0193,DAVIS Liscombe,IN-OLD OAK OUTDOORS,,,,oldoaksoutdoors@gmail.com,Yes,No,,
CT-0194,ARRO Accounts Payable,IN-ON TARGET OUTDOORS - ARRO #394,,,,Ap@archeryretailers.com,No,Yes,,
CT-0195,IN-ARRO-ON TARGET OUTDOORS#394,IN-ON TARGET OUTDOORS - ARRO #394,,812-623-2300,,ap@archeryretailers.com,Yes,Yes,,
CT-0196,Sports Inc,IN-OUTDOORSMAN SPORT SHOP - SI #397,,,,importinvoice@hq.sportsinc.com,No,Yes,,
CT-0197,TYLER,IN-OUTDOORSMAN SPORT SHOP - SI #397,,317-881-7446,,BECKY@OUTDOORSMANSPORTSHOP.COM,Yes,No,,
CT-0198,ARRO Accounts Payable,IN-PARKER'S ARCHERY - ARRO,,,,Ap@archeryretailers.com,No,Yes,,
CT-0199,JEFF,IN-PARKER'S ARCHERY - ARRO,,812-829-1144,,ap@archeryretailers.com,Yes,Yes,,
CT-0200,RUSSELL,IN-RWS ARCHERY,,812-243-8461,,packerfan1211@rocketmail.com,Yes,No,,
CT-0201,IN-Sawyer's Country Edge,IN-Sawyer's Country Edge,,574-529-0748,,jeanie@sawyerscountryedge.com,Yes,No,,
CT-0202,BRIAN SMITH,IN-SPORTSMANS DENCL,,219-374-6990,,sportsmansdencl@gmail.com,Yes,No,,
CT-0203,IN-STICKBOW SUPPLIES,IN-STICKBOW SUPPLIES,,765-318-8153,,stickbowsupplies@gmail.com,Yes,No,,
CT-0204,ARRO Accounts Payable,IN-THE RUSTY BUCK - ARRO,,,,Ap@archeryretailers.com,No,Yes,,
CT-0205,IN-ARRO-THE RUSTY BUCK,IN-THE RUSTY BUCK - ARRO,,812-609-4064,,ap@archeryretailers.com,Yes,Yes,,
CT-0206,Ishmael Sanchez-Leo,Ishmael Sanchez-Leo,,,,ishmael.s.leo@gmail.com,Yes,No,,
CT-0207,ITALY-BIGNAMI SPA,ITALY-BIGNAMI SPA,,,,debora.ferrazza@bignami.it,Yes,No,,
CT-0208,Jesse Zbinden-Brassard,Jesse Zbinden-Brassard,,2625657016,,Jessezb@icloud.com,Yes,No,,
CT-0209,Rob Roblyer,KS - P&S Security,,620-796-2133,,rob@pssecurity.net,Yes,No,,
CT-0210,KS-3 Sons Archery/DEREK SCHMIDT,KS-3 Sons Archery/DEREK SCHMIDT,,,,dereklschmidt@hotmail.com,Yes,No,,
CT-0211,Brian,KS-BLUESTEM FARM AND RANCH - SI #227,,620 342 5502,,brian@bluestemfarmandranch.com,Yes,No,,
CT-0212,Sports Inc,KS-BLUESTEM FARM AND RANCH - SI #227,,,,importinvoice@hq.sportsinc.com,No,Yes,,
CT-0213,MATT,KS-COYOTE CREEK ARCHERY LLC,,785-380-8671,,coyotecreekarchery@gmail.com,Yes,No,,
CT-0214,Mike Holland,KS-DIAMOND ARCHERY - NABA,,316-265-0651,,mikeh@diamondarchery.net,Yes,No,,
CT-0215,GREG,KS-G&L ARCHERY,,620-225-5767,,pattonauto@gmail.com,Yes,No,,
CT-0216,ARRO Accounts Payable,KS-GENES HEARTLAND FOODS - ARRO,,,,Ap@archeryretailers.com,No,Yes,,
CT-0217,KS-ARRO-GENES HEARTLAND FOODS,KS-GENES HEARTLAND FOODS - ARRO,,316-524-3238,,ap@archeryretailers.com,Yes,Yes,,
CT-0218,KS-HEARTLAND OUTDOORS,KS-HEARTLAND OUTDOORS - NBS 363,,620-664-6103,,jenny@heartlandoutdoor.com,Yes,No,,
CT-0219,GRAYDON CLAPP,KS-INTIMIDATOR ARCHERY,,785-259-4451,,clapp61@yahoo.com,Yes,No,,
CT-0220,Brett,KS-JOHN'S SPORTS CENTER,,620-231-7740,,Accounting@johnssportcenter.com,Yes,No,,
CT-0221,JIM CARLSON,KS-KANSAS ARCHERY CENTER,,785-539-0200,,,Yes,No,,
CT-0222,KS-NICKS ARCHERY,KS-NICKS ARCHERY,,620 584 6949,,,Yes,No,,
CT-0223,KS-OVERLAND PARK SCHEELS,KS-OVERLAND PARK SCHEELS,,913-897-3030,,co_ap@scheels.com,Yes,No,,
CT-0224,ARRO Accounts Payable,KS-OVERTONS ARCHERY - ARRO,,,,Ap@archeryretailers.com,No,Yes,,
CT-0225,John,KS-OVERTONS ARCHERY - ARRO,,785 832 1654,719 310 9269,jonroverton@gmail.com,Yes,Yes,,
CT-0226,GARY,KS-ROOSTERS SPORT HAVEN LLC,,620-339-9451,,garyt8367@gmail.com,Yes,No,,
CT-0227,DAVE ROTH,KS-ROTH OUTDOORS,,(913) 594-7052,,,Yes,No,,
CT-0228,NICK DAWA,KS-UNBOUND ARCHERY LLC,,,,nicholasdawa@gmail.com,Yes,No,,
CT-0229,Grayson,KS-VANDERBILTS HAYS,,785-628-3257,,vanderbilts05@gmail.com,Yes,No,,
CT-0230,KS-WICHITA SCHEELS,KS-WICHITA SCHEELS,,,,co_ap@scheels.com,Yes,No,,
CT-0231,KS-WILDLIFE CREATIONS TAXIDERMY,KS-WILDLIFE CREATIONS TAXIDERMY,,,,,Yes,No,,
CT-0232,John,KY - Glaubers Sports - SI #851,,,,kyguns@yahoo.com,No,No,Brent Parker,
CT-0233,SPORTS INC,KY - Glaubers Sports - SI #851,,,,importinvoice@hq.sportsinc.com,Yes,Yes,Brent Parker,
CT-0234, PADUCAH SHOOTERS SUPPLY,KY - PADUCAH SHOOTERS SUPPLY - NBS,,,270-443-3758,info@pssguns.com,Yes,No,Brent Parker,
CT-0235,Bo McGregor,KY - UNCLE LEE'S - NBS 436,,2706410753,,bo@budsgunshop.com,Yes,Yes,Brent Parker,
CT-0236,ARRO Accounts Payable,KY-BIG SOUTH FORK OUTDOORS - ARRO,,,,Ap@archeryretailers.com,No,Yes,,
CT-0237,KY-ARRO-BIG SOUTH FORK OUTDOORS,KY-BIG SOUTH FORK OUTDOORS - ARRO,,,,ap@archeryretailers.com,Yes,Yes,,
CT-0238,GARY MAYOTT,KY-FILLINTAGSOUTDOORS,,68984163,,sillintagsoutdoors@gmail.com,Yes,No,,
CT-0239,BRIAN SCHIESSER,KY-HERNDON ARCHERY - NABA,,270-206-1228,219-869-0509,bigbeararchery@outlook.com,Yes,No,,
CT-0240,KY-HUNTERS FRIEND,KY-HUNTERS FRIEND,,606-297-1011,,,Yes,No,,
CT-0241,SAWYER FILIATREAU,KY-KENTUCKY GUN CO,,502-348-3594 ext 410,502-373-7413,Sawyer.Filiatreau@kygunco.com,Yes,No,,
CT-0242,KY-KINSEYS SOUTH,KY-KINSEYS SOUTH,,,,ap@kinseysinc.com,Yes,No,,
CT-0243,DARRELL HALL,KY-LAST ARROW ARCHERY,,,,,Yes,No,,
CT-0244,ARRO Accounts Payable,KY-O'BRIENS ARCHERY - ARRO #323,,,,Ap@archeryretailers.com,No,Yes,,
CT-0245,Junie,KY-O'BRIENS ARCHERY - ARRO #323,,606-928-3625,,superxring@gmail.com,Yes,Yes,,
CT-0246,ARRO Accounts Payable,KY-ON TARGET - ARRO,,,,Ap@archeryretailers.com,No,Yes,,
CT-0247,matt,KY-ON TARGET - ARRO,,606-763-9461,,ap@archeryretailers.com,Yes,Yes,,
CT-0248,Shortees Sporting Goods,KY-Shortees Sporting Goods - NABA,,670-478-1115,,triplebarchery777@gmail.com,Yes,Yes,Brent Parker,
CT-0249,ARCHERY OUTFITTERS,LA-Archery Outfitters-ARRO #157,,337-582-1994,,karchery@yahoo.com,Yes,Yes,Brent Parker,
CT-0250,ARRO AP,LA-Archery Outfitters-ARRO #157,,,,Ap@archeryretailers.com,No,Yes,Brent Parker,
CT-0251,Fay,LA-Archery Outfitters-ARRO #157,,,,mbcinglar@yahoo.com,No,Yes,Brent Parker,
CT-0252,ARRO Accounts Payable,LA-HEWITTS INC - ARRO,,,,Ap@archeryretailers.com,No,Yes,,
CT-0253,LA-ARRO-HEWITTS INC,LA-HEWITTS INC - ARRO,,318-757-3319,,ap@archeryretailers.com,Yes,Yes,,
CT-0254,KENNETH HEMPHILL,LA-HOOT&HOLLER ARCHERY - NABA,,318-747-6501,318-415-9419,hharchery@yahoo.com,Yes,No,,
CT-0255,JOSEPH,LA-LAFAYETTE SHOOTERS - SI #432,,337-988-1191,,jmenard@lafayetteshooters.com,Yes,No,,
CT-0256,Sports Inc,LA-LAFAYETTE SHOOTERS - SI #432,,,,importinvoice@hq.sportsinc.com,No,Yes,,
CT-0257,BRAD,LA-LOUISANA OUTDOORS - NABA,,985-863-5263,,brad@louisiana-outdoors.com,Yes,No,,
CT-0258,Todd Wooden,LA-SIMMONS SPORTING GOODS INC,,(318) 283-2688,,toddw@simmonssg.com,Yes,No,Brent Parker,
CT-0259,SPENCER GRAHAM,LA-SPILLWAY SPORTSMAN - SI #856,,225-749-3680,,spencer@spillwaysportsman.com,Yes,No,,
CT-0260,Sports Inc,LA-SPILLWAY SPORTSMAN - SI #856,,,,importinvoice@hq.sportsinc.com,No,Yes,,
CT-0261,MICHAEL LITTLE,LA-SPOTTED DOGS SPORTING GOODS - SI #1265,,318) 649-7004,,spotteddogoffice@gmail.com,Yes,No,,
CT-0262,Sports Inc,LA-SPOTTED DOGS SPORTING GOODS - SI #1265,,,,importinvoice@hq.sportsinc.com,No,Yes,,
CT-0263,ARRO Accounts Payable,LA-TYNER PETRUS CO MILL ST - ARRO,,,,Ap@archeryretailers.com,No,Yes,,
CT-0264,DONNIE,LA-TYNER PETRUS CO MILL ST - ARRO,,318-388-3788,,ap@archeryretailers.com,Yes,Yes,,
CT-0265,Jeff Birdwell,MA - Northeast Archery Labs LLC,Owner,508-377-8000,,northeastarcherylabs@gmail.com,Yes,Yes,Brent Parker,
CT-0266,MA-ARCHERY PLUS,MA-ARCHERY PLUS,,508-885-3336,,bowhunt604@yahoo.com,Yes,No,,
CT-0267,Jon Petryk,MA-EAST COAST ARCHERY,,,,eastcoastarcheryshop@gmail.com,Yes,No,,
CT-0268,ARRO Accounts Payable,MA-GRRR GEAR INC - ARRO,,,,Ap@archeryretailers.com,No,Yes,,
CT-0269,MA-ARRO-GRRR GEAR INC,MA-GRRR GEAR INC - ARRO,,978-544-5444,,ap@archeryretailers.com,Yes,Yes,,
CT-0270,MA-PETTENGILL ARCHERY,MA-PETTENGILL ARCHERY,,(413) 537-1444,,pettengillarchery@gmail.com,Yes,No,,
CT-0271,ARRO Accounts Payable,MA-R&R SPORT SHOP - ARRO,,,,Ap@archeryretailers.com,No,Yes,,
CT-0272,jim collins,MA-R&R SPORT SHOP - ARRO,,413-323-6785,,ap@archeryretailers.com,Yes,Yes,,
CT-0273,ALBERT ADDESSI,MA-XSPOT ARCHERY - ARRO,,508-399-6762,,ap@archeryretailers.com,Yes,Yes,,
CT-0274,ARRO Accounts Payable,MA-XSPOT ARCHERY - ARRO,,,,Ap@archeryretailers.com,No,Yes,,
CT-0275,MD-BOSWELL'S,MD-BOSWELL'S,,301-739-3632,,,Yes,No,,
CT-0276,ME-KITTERY TRADING POST,ME-KITTERY TRADING POST SI - #926,,,,payables@ktp.com,Yes,No,,
CT-0277,ROBERT DORE,ME-WABANAKI WILDERNESS,,207 853 0949,,info@wabanakiwilderness.com,Yes,No,,
CT-0278,Chris Fontaine,MI - JB TOOLS,,734-679-9424,,chris@jbtools.com,Yes,No,,
CT-0279,SHOOTERS RANGE,"MI - SHOOTERS RANGE, LLC - SI # 1221",,231 421 9222,,info@shootersrangellc.com,Yes,No,Brent Parker,
CT-0280,SPORTS INC AP,"MI - SHOOTERS RANGE, LLC - SI # 1221",,,,importinvoice@hq.sportsinc.com,No,Yes,Brent Parker,
CT-0281,THOMAS CALAGIRONE,MI- LEVELED OUTDOORS,,(231) 250-9944,,leveledoutdoors@gmail.com,Yes,No,,
CT-0282,ARRO Accounts Payable,MI-ADAMS ARCHERY - ARRO,,,,Ap@archeryretailers.com,No,Yes,,
CT-0283,JAMIE,MI-ADAMS ARCHERY - ARRO,,,,ap@archeryretailers.com,Yes,Yes,,
CT-0284,ARRO Accounts Payable,MI-AL& PETES SPORT SHOP - ARRO,,,,Ap@archeryretailers.com,No,Yes,,
CT-0285,PETE,MI-AL& PETES SPORT SHOP - ARRO,,269-945-4417,,ap@archeryretailers.com,Yes,Yes,,
CT-0286,Roger,MI-ALLIED,,734-529-5269,,alliedarchery@comcast.net,Yes,No,,
CT-0287,ARRO Accounts Payable,MI-BARE'S SPORT SHOP - ARRO,,,,Ap@archeryretailers.com,No,Yes,,
CT-0288,sue jim,MI-BARE'S SPORT SHOP - ARRO,,989-865-6241,,ap@archeryretailers.com,Yes,Yes,,
CT-0289,ARRO Accounts Payable,MI-BAY ARCHERY SALES - ARRO,,,,Ap@archeryretailers.com,No,Yes,,
CT-0290,matt rowloff,MI-BAY ARCHERY SALES - ARRO,,989-894-5800,,ap@archeryretailers.com,Yes,Yes,,
CT-0291,ARRO Accounts Payable,MI-BROOKS ARCHERY - ARRO,,,,Ap@archeryretailers.com,No,Yes,,
CT-0292,MI-ARRO-BROOKS ARCHERY,MI-BROOKS ARCHERY - ARRO,,269-343-7364,,ap@archeryretailers.com,Yes,Yes,,
CT-0293,MIKE Piechocki,MI-CATFISH CUSTOM BOWSTRINGS,,616-970-5355,,catfishcustombowstrings@gmail.com,Yes,No,,
CT-0294,Ken,"MI-D&R Sports Center, Inc NBS",,,269-372-2277,ken@dandrsports.com,Yes,No,Brent Parker,
CT-0295,DAN THOMPSON,MI-EASTERN WOODS OUTDOORS/HUNTERS DEN,,(810) 664-6401,,danthompson@ewoutdoors.com,Yes,No,,
CT-0296,Jonathan Guerusey,MI-FPS ARCHERY,,231-779-3772,,fdollc@yahoo.com,Yes,No,,
CT-0297,DON BEAVER,MI-FRANKS GREAT OUTDOORS - SI #290,,989 697 5341,,ap@franksgreatoutdoors.com,Yes,No,,
CT-0298,Sports Inc,MI-FRANKS GREAT OUTDOORS - SI #290,,,,importinvoice@hq.sportsinc.com,No,Yes,,
CT-0299,ARRO Accounts Payable,MI-GRAND VALLEY SPORTING GOODS - ARRO #383,,,,Ap@archeryretailers.com,No,Yes,,
CT-0300,Jon,MI-GRAND VALLEY SPORTING GOODS - ARRO #383,,616-895-6592,,sales@gvsportinggoods.com,Yes,Yes,,
CT-0301,ARRO Accounts Payable,MI-HESPERIA SPORT SHOP  - ARRO #382,,,,Ap@archeryretailers.com,No,Yes,,
CT-0302,MI-ARRO-HESPERIA SPORT SHOP #382,MI-HESPERIA SPORT SHOP  - ARRO #382,,231-854-3965,,hssoutdoors@yahoo.com,Yes,Yes,,
CT-0303,ARRO Accounts Payable,MI-HICKS OUTDOORS - ARRO #243,,,,Ap@archeryretailers.com,No,Yes,,
CT-0304,MI-ARRO-HICKS OUTDOORS#243,MI-HICKS OUTDOORS - ARRO #243,,810-564-1820,,AP@archeryretailers.com,Yes,Yes,,
CT-0305,Dan Osterhout Jr,MI-HOUTED GROUP LLC - NABA,,810-664-6401,810-214-0142,accounts@huntersdenlapeer.com,Yes,No,,
CT-0306,BOB KOESPELL BUYER,MI-JAY'S SPORTING GOODS - SI #259,,989-705-1339,,jlutren@jayssportinggoods.com,Yes,No,,
CT-0307,Sports Inc,MI-JAY'S SPORTING GOODS - SI #259,,,,importinvoice@hq.sportsinc.com,No,Yes,,
CT-0308,MARK KRUIZENGA,MI-KRUZINGA ARCHERY - NABA,,269-668-3014,,markk@westmirealty.com,Yes,No,,
CT-0309,MILLS FLEET FARM,MILLS FLEET FARM,,920-731-8121,buyer,Brian.Reindl@fleetfarm.com,Yes,No,,
CT-0310,DUSTIN MIEDEMA,MI-LONG RANGE ARCHERY&FIREARMS - SI #1199,,616-399-3011,,longrangearchery2@gmail.com,Yes,No,,
CT-0311,Sports Inc,MI-LONG RANGE ARCHERY&FIREARMS - SI #1199,,,,importinvoice@hq.sportsinc.com,No,Yes,,
CT-0312,ARRO Accounts Payable,MI-LOST NATION ARCHERY CO. - ARRO,,,,Ap@archeryretailers.com,No,Yes,,
CT-0313,LARRY,MI-LOST NATION ARCHERY CO. - ARRO,,269-659-6002,,ap@archeryretailers.com,Yes,Yes,,
CT-0314,Jim brunette,MI-NORTHWOODS WHOLESALE OUTLET - NBS 486,,989-879-4009 CREDIT D,,tina.sullivan@northwoodsoutlet.com,Yes,No,,
CT-0315,Rob,MI-SCHUPBACHS SPORTING GOODS,,517-782-8418,,schupbachsarchery@gmail.com,Yes,No,,
CT-0316,ARRO Accounts Payable,MI-SPOT SHOOTER ARCHERY - ARRO,,,,Ap@archeryretailers.com,No,Yes,,
CT-0317,MI-ARRO-SPOT SHOOTER ARCHERY,MI-SPOT SHOOTER ARCHERY - ARRO,,248-531-0238,,ap@archeryretailers.com,Yes,Yes,,
CT-0318,DEREK VAUGHN,MI-SUNRISE ARCHERY-NABA,,810-936-0066,,sales@sunrisearchery.com,Yes,Yes,Brent Parker,
CT-0319,RYAN PAYTON,MI-SUNRY'S ARCHERY OUTDOORS,,810-936-0066,,rdv5656@yahoo.com,Yes,No,,
CT-0320,MI-THE FIX OUTDOORS LLC,MI-THE FIX OUTDOORS LLC,,517-462-8608,,,Yes,No,,
CT-0321,RON SALANDER,MI-THE MINNOW BUCKET@EXIT 222,,989-632-3257,989-251-5529,theminnowbucket222@yahoo.com,Yes,No,,
CT-0322,JEREMY HAWES,MI-TOP TEN PERCENT,,,,toptenpercent@outlook.com,Yes,No,,
CT-0323,ARRO Accounts Payable,MN-ARCHERYHEADQUARTERS - ARRO,,,,Ap@archeryretailers.com,No,Yes,,
CT-0324,marty,MN-ARCHERYHEADQUARTERS - ARRO,,507-282-3507,,ap@archeryretailers.com,Yes,Yes,,
CT-0325,Sports Inc AP,MN-AT FULL DRAW LLC SI #1314,,,,importinvoice@hq.sportsinc.com,No,Yes,,
CT-0326,WILLY,MN-AT FULL DRAW LLC SI #1314,,651-257-1589,,willy@fulldrawmn.com,Yes,No,,
CT-0327,ARRO Accounts Payable,MN-BWANA ARCHERY - ARRO #73,,,,Ap@archeryretailers.com,No,Yes,,
CT-0328,JOHN JR,MN-BWANA ARCHERY - ARRO #73,,651-482-9866,,ap@archeryretailers.com,Yes,Yes,,
CT-0329,Sports Inc,MN-COYOTE CREEK OUTDOORS - SI #1217,,,,importinvoice@hq.sportsinc.com,No,Yes,,
CT-0330,Stacy,MN-COYOTE CREEK OUTDOORS - SI #1217,,507-289-8308,,mike@coyotecreekoutdoors.com,Yes,No,,
CT-0331,Sports Inc,MN-DELANEYS OUTDOORS - SI #1319,,,,importinvoice@hq.sportsinc.com,No,Yes,,
CT-0332,will,MN-DELANEYS OUTDOORS - SI #1319,,218-732-4281,,delaneyssportshop@gmail.com,Yes,No,,
CT-0333,MN-EDEN PRAIRIE SCHEELS,MN-EDEN PRAIRIE SCHEELS,,,,CO_AP@scheels.com,Yes,No,,
CT-0334,mike,MN-H&H ARCHERY SUPPLY,,320-963-5118,,accounting@hharchery.com,Yes,No,,
CT-0335,MN-MINNESOTA HARDWARE,MN-MINNESOTA HARDWARE,,763-688-3583,,billing@mnhardware.com,Yes,No,,
CT-0336,ARRO Accounts Payable,MN-OAK RIDGE ARCHERY - ARRO,,,,Ap@archeryretailers.com,No,Yes,,
CT-0337,DONALD V FROMN,MN-OAK RIDGE ARCHERY - ARRO,,507-931-5637,,ap@archeryretailers.com,Yes,Yes,,
CT-0338,MN-RCH ARCHERY,MN-RCH ARCHERY,,,,strando20@gmail.com,Yes,No,,
CT-0339,jacob,MN-RIVER HILL SCHEELS,,507-386-7767,,co_ap@scheels.com,Yes,No,,
CT-0340,trrent,MN-ROCHESTER SCHEELS,,507-281-2444,,co_ap@scheels.com,Yes,No,,
CT-0341,MN-RUNNINGS SUPPLY INC,MN-RUNNINGS SUPPLY INC,,507-532-9566,,AcctPayable@runnings.com,Yes,No,,
CT-0342,ARRO Accounts Payable,MN-SCHAFFER PERFORMANCE ARCHERY - ARRO,,,,Ap@archeryretailers.com,No,Yes,,
CT-0343,john,MN-SCHAFFER PERFORMANCE ARCHERY - ARRO,,952-894-4139,,schaffererarchery@gmail.com,Yes,Yes,,
CT-0344,Chuck Skalak,MN-SKALAK OUTDOORS,,507-393-0410,,chuck@skalakoutdoors.com,Yes,No,,
CT-0345,brian kunz,MN-ST CLOUD SCHEELS,,320-252-9494,,co_ap@scheels.com,Yes,No,,
CT-0346,MN-VAPORTRAIL,MN-VAPORTRAIL,,763-862-8870,,rory@vaportrailarchery.com,Yes,No,,
CT-0347,Steve Wolk,MO - Wild Arrow,,314-852-7906,,Wildarrowod@gmail.com,Yes,Yes,,
CT-0348,ARRO Accounts Payable,MO-54 ARCHERY - ARRO,,,,Ap@archeryretailers.com,No,Yes,,
CT-0349,RICHARD GREEN,MO-54 ARCHERY - ARRO,,573-630-7985,,rgrnrich@aol.com,Yes,Yes,,
CT-0350,Dillon Roberson,MO-806 Archery LLC,,573-838-7557,,806archery@gmail.com,Yes,Yes,Brent Parker,
CT-0351,MO-BASS PRO,MO-BASS PRO,,417-887-7334,,mikesohm@magnusbroadheads.com,Yes,No,Brent Parker,
CT-0352,MO-BB ARCHERY SALES,MO-BB ARCHERY SALES - NABA,,,,info@bbarcherysales.com,Yes,No,,
CT-0353,MO-BLACK WIDOW,MO-BLACK WIDOW,,417-725-3113,,johnc@blackwidowbows.com,Yes,No,,
CT-0354,MO-BRAVEHEART ARCHERY,MO-BRAVEHEART ARCHERY,,816-225-8823,,,Yes,No,,
CT-0355,ARRO Accounts Payable,MO-BROKEN BOW ARCHERY  - ARRO #484,,,,Ap@archeryretailers.com,No,Yes,,
CT-0356,MO-ARR0-BROKEN BOW ARCHERY #484,MO-BROKEN BOW ARCHERY  - ARRO #484,,417-256-2697,,AP@archeryretailers.com,Yes,Yes,,
CT-0357,katrina/assit buyer,MO-CIMARRON LUMBER & SUPPLY (SUTHERLANDS) - SI #1141,,816-756-3000,scott sanders is buye,invoices@cimlbr.com,No,No,,
CT-0358,Sports Inc,MO-CIMARRON LUMBER & SUPPLY (SUTHERLANDS) - SI #1141,,,,importinvoice@hq.sportsinc.com,Yes,Yes,,
CT-0359,MO-CITY BOY ARCHERY,MO-CITY BOY ARCHERY,,660-646-9915,,,Yes,No,,
CT-0360,MO-CREED ARCHERY SUPPLY,MO-CREED ARCHERY SUPPLY,,660-956-4500 x 3,,derek@creedarchery.com,Yes,No,,
CT-0361,Kevin,MO-DENNY DENNIS SI #1420,,(636) 343-9447 ext 02,,ddsports@sbcglobal.net,Yes,No,,
CT-0362,Sports Inc,MO-DENNY DENNIS SI #1420,,,,importinvoice@hq.sportsinc.com,No,Yes,,
CT-0363,MO-DORROH SEED,MO-DORROH SEED - NABA,,573-359-2222,,,Yes,No,,
CT-0364,JOE REDDING,MO-HEARTLAND BOW SHOP,,,,joe.a.redding@gmail.com,Yes,No,,
CT-0365,BRUCE SCHMITTER,MO-JB OUTDOORS - NABA,,816-273-0036,,admin@jandboutdoors.com,Yes,No,,
CT-0366,ARRO Accounts Payable,MO-JCT TACKLE AND ARCHERY SHOP - ARRO,,,,Ap@archeryretailers.com,No,Yes,,
CT-0367,MO-ARRO-JCT TACKLE AND ARCHERY SHOP,MO-JCT TACKLE AND ARCHERY SHOP - ARRO,,417-546-5611,,ap@archeryretailers.com,Yes,Yes,,
CT-0368,MO-MIDWAY USA,MO-MIDWAY USA,,573-447-5168,,"APInvoices@midwayusa.com,JEAllen@midwayusa.com,ahazen@midwayusa.com",Yes,No,,
CT-0369,BRAD WILLIAMS,MO-MIDWEST ARCHERY - SI #1242,,417-619-9565,,mwarchery@gmail.com,Yes,No,,
CT-0370,Sports Inc,MO-MIDWEST ARCHERY - SI #1242,,,,importinvoice@hq.sportsinc.com,No,Yes,,
CT-0371,ARRO Accounts Payable,MO-MIKES ARCHERY - ARRO,,,,Ap@archeryretailers.com,No,Yes,,
CT-0372,MIKE,MO-MIKES ARCHERY - ARRO,,636-279-1093,,ap@archeryretailers.com,Yes,Yes,,
CT-0373,Adam,MO-OUTBACK ARCHERY - NABA,,,,outbackarchery24@gmail.com,Yes,Yes,,
CT-0374,STEVEN,MO-OUTBACK ARCHERY - NABA,,417 622 4582,,sburton422@hotmail.com,No,Yes,,
CT-0375,ARRO Accounts Payable,MO-OUTDOOR ADDICTION - ARRO,,,,Ap@archeryretailers.com,No,Yes,,
CT-0376,MO-ARR0-OUTDOOR ADDICTION,MO-OUTDOOR ADDICTION - ARRO,,573-378-2221,,AP@archeryretailers.com,Yes,Yes,,
CT-0377,Kara Stauffer,MO-OZARK MOUNTAIN OUTDOORS - NABA,,,,Kara@ozarkmountainoutdoors.com,No,No,,
CT-0378,Trish Forester,MO-OZARK MOUNTAIN OUTDOORS - NABA,,417-841-7768,,trish@ozarkmountainoutdoors.com,Yes,No,,
CT-0379,TROY POLSTON,MO-PATRIOT ARCHERY,,417-830-8206,,patriotarchery19@gmail.com,Yes,No,,
CT-0380,ARRO Accounts Payable,MO-PISTOLS PLUS GUNS AND ARCHERY - ARRO,,,,Ap@archeryretailers.com,No,Yes,,
CT-0381,JON,MO-PISTOLS PLUS GUNS AND ARCHERY - ARRO,,573-308-2412,,ap@archeryretailers.com,Yes,Yes,,
CT-0382,CHARLIE FORBIS,MO-PROMASTER ARCHERY,,918-542-0791,,info@promasterarchery.com,Yes,No,,
CT-0383,ARRO Accounts Payable,MO-QUALITY ARCHERY - ARRO #460,,,,Ap@archeryretailers.com,No,Yes,,
CT-0384,SAM BURKHOLDER,MO-QUALITY ARCHERY - ARRO #460,,417-498-2310,,ap@archeryretailers.com,Yes,Yes,,
CT-0385,MO-ROGERS SPORTING GOODS,MO-ROGERS SPORTING GOODS - SI #1123,,816-883-4514,,Mandy@rogerssportinggoods.com,Yes,No,,
CT-0386,Sports Inc,MO-ROGERS SPORTING GOODS - SI #1123,,,,importinvoice@hq.sportsinc.com,No,Yes,,
CT-0387,ARRO Accounts Payable,MO-SUMMIT ARCHERY LLC - ARRO,,,,Ap@archeryretailers.com,No,Yes,,
CT-0388,MO-ARR0-SUMMIT ARCHERY LLC,MO-SUMMIT ARCHERY LLC - ARRO,,636-742-2531,,ap@archeryretailers.com,Yes,Yes,,
CT-0389,NICK,MO-THE HUNTING CORNER,,573-735-5406,,huntingwholesalers@gmail.com,Yes,No,,
CT-0390,TODD DORSEY,MO-TODDS BOW BARN LLC,,1-(573)-541-5556,,toddsbowbarn@gmail.com,Yes,No,,
CT-0391,JIM OR TJ,MO-TWISTED ARROW,,573 785 6914,,TWISTEDARROWLLC@GMAIL.COM,Yes,No,,
CT-0392,WADE AND PATRICE,MO-Winchester Archery LLC,,573-803-1798,,winchesterarchery@charter.net,Yes,No,,
CT-0393,Megan Buckner,MS - Delta Outfitters - SI #1174 (on hold),,601-636-5102,,deltaoutfittersms@yahoo.com,Yes,No,,
CT-0394,Sports Inc,MS - Delta Outfitters - SI #1174 (on hold),,,,importinvoice@hq.sportsinc.com,No,Yes,,
CT-0395,MARK AUSTIN,MS-2ND AMENDMENT OUTDOORS - SI #1336,,662-594-8687,,2ndamendmentoutdoors@comcast.net,Yes,No,,
CT-0396,Sports Inc,MS-2ND AMENDMENT OUTDOORS - SI #1336,,,,importinvoice@hq.sportsinc.com,No,Yes,,
CT-0397,Rob,MS-B & B ARCHERY,,601 939 4380,,bandbarchery@rocketmail.com,Yes,No,,
CT-0398,LOGAN,MS-HUNTERS HAVEN,,(662) 841-0422,,haven0422@comcast.net,Yes,No,,
CT-0399,Luke Guest,MS-HUNTERS HOLLOW - SI #590,,662-234-5945,,luke@huntershollow.com,Yes,No,,
CT-0400,Sports Inc,MS-HUNTERS HOLLOW - SI #590,,,,importinvoice@hq.sportsinc.com,No,Yes,,
CT-0401,Adam,MS-SIP Outdoors - NABA,,,,alee410@hotmail.com,No,Yes,,
CT-0402,Patrick McCraw,MS-SIP Outdoors - NABA,,601-427-9354,,sipoutdoors24@gmail.com,Yes,Yes,,
CT-0403,AP,MT - North 40 Outfitters,,,,ap@north40.com,No,Yes,Brent Parker,
CT-0404,Connor Olson,MT - North 40 Outfitters,Sporting Goods Associate Buyer,406.761.6623,,connor.olson@north40.com,Yes,Yes,Brent Parker,
CT-0405,SARA PFLISTER,MT-BADGER ARCHERY - NABA,,406-988-0035,406-880-0889,badgerarchery1@aol.com,Yes,No,,
CT-0406,Gabe,MT-BIG SKY ARCHERY - NABA,,406-388-0503,,contact@bigskyarchery.com,Yes,No,,
CT-0407,rob marina,MT-BILLINGS SCHEELS,,406-656-9220,,co_ap@scheels.com,Yes,No,,
CT-0408,MT-FLAMING ARROW ARCHERY,MT-FLAMING ARROW ARCHERY - NABA,,406 752 0702,406-212-3828 nicholes,flamingarrow60x@gmail.com,Yes,No,,
CT-0409,MT-FOOTED SHAFT,MT-FOOTED SHAFT,,406-616-3200,,,Yes,No,,
CT-0410,MT-GREAT FALLS SCHEELS,MT-GREAT FALLS SCHEELS,,406-453-7666,,co_ap@scheels.com,Yes,No,,
CT-0411,MT-MISSOULA SCHEELS,MT-MISSOULA SCHEELS,,,,CO_AP@scheels.com,Yes,No,,
CT-0412,MT-RIMROCK SCHEELS,MT-RIMROCK SCHEELS,,406-656-9220,,co_ap@scheels.com,Yes,No,,
CT-0413,MT-STRAIGHT 6 ARCHERY,MT-STRAIGHT 6 ARCHERY - NABA,,406-926-1013,,straight6archery@gmail.com,Yes,No,,
CT-0414,Rob,MT-SUPERIOR ARCHERY INC - NABA,,406-245-0087,,superiorarchery@gmail.com,Yes,No,,
CT-0415,ARRO Accounts Payable,NC-BAREFOOT ARCHERY - ARRO,,,,Ap@archeryretailers.com,No,Yes,,
CT-0416,jessie smith,NC-BAREFOOT ARCHERY - ARRO,,704-527-1110,,ap@archeryretailers.com,Yes,Yes,,
CT-0417,JOHN WINKLER,NC-FIRST FLIGHT ARCHERY - NABA,,919-676-6799,615-513-8301,john@firstflightarchery.com,Yes,No,,
CT-0418,JOE DARNELL,NC-GRAFTON ARCHERY AND OUTDOORS,,704-855-1300,704-310-0893,graftonarcheryoutdoors@gmail.com,Yes,No,,
CT-0419,BRIAN NELSON,NC-RIVER BEND OUTDOORS,,320-354-2636,,riverbendoutdoorsllc@gmail.com,Yes,No,,
CT-0420,JOSH JOHNSON,NC-YARAK ARCHERY LLC,,919-704-8074,919-669-7761,yarakarchery@gmail.com,Yes,No,,
CT-0421,ND-DAKOTA SQUARE SCHEELS,ND-DAKOTA SQUARE SCHEELS,,701-852-1010,,CO_AP@scheels.com,Yes,No,,
CT-0422,BEN ORF,ND-DEAD MEAT ARCHERY,,701-269-7598,,deadmeatarchery@gmail.com,Yes,No,,
CT-0423,Al Messner,ND-FARGO SCHEELS,,701-298-2918,,CO_AP@scheels.com,Yes,No,,
CT-0424,aaron,ND-GRAND FORKS SCHEELS,,701-780-9424,,co_ap@scheels.com,Yes,No,,
CT-0425,greg,ND-KIRKWOOD SCHEELS,,701-255-7255,,co_ap@scheels.com,Yes,No,,
CT-0426,Mike,ND-OAK RIDGE ENTERPRISE,,701-351-0726,,mikesohm@magnusbroadheads.com,Yes,No,,
CT-0427,ARRO Accounts Payable,ND-OUTDOORSMAN INC - ARRO,,,,Ap@archeryretailers.com,No,Yes,,
CT-0428,KEVIN STEEN,ND-OUTDOORSMAN INC - ARRO,,701-282-0131,,ap@archeryretailers.com,Yes,Yes,,
CT-0429,NE-CABELAS,NE-CABELAS,,308-254-5505,,AP@cabelas.com,Yes,No,,
CT-0430,ARRO Accounts Payable,NE-FULL DRAW ARCHERY - ARRO #246,,,,Ap@archeryretailers.com,No,Yes,,
CT-0431,Ken Colgrove,NE-FULL DRAW ARCHERY - ARRO #246,,402-333-9691,,fulldrawarchery@hotmail.com,Yes,Yes,,
CT-0432,NE-LINCOLN SCHEELS,NE-LINCOLN SCHEELS,,402-420-9000,,co_ap@scheels.com,Yes,No,,
CT-0433,NE-NATURECRAFT TAXIDERMY & ARCHERY SHOP,NE-NATURECRAFT TAXIDERMY & ARCHERY SHOP - NABA,,402-873-5491,,,Yes,No,,
CT-0434,scott,NE-OMAHA SCHEELS,,402-289-5666,,co_ap@scheels.com,Yes,No,,
CT-0435,CAMERON WORDEN,NE-SANDHILLS ARCHERY,,,,cameronworden@gmail.com,Yes,No,,
CT-0436,ARRO Accounts Payable,NH-COYOTE CREEK ARCHERY - ARRO,,,,Ap@archeryretailers.com,No,Yes,,
CT-0437,Josh,NH-COYOTE CREEK ARCHERY - ARRO,,603-335-2222,,ap@archeryretailers.com,Yes,Yes,,
CT-0438,NH-MORSE SPORTING GOODS #413,NH-MORSE SPORTING GOODS #413,,603-464-3444,,morsesport@aol.com,Yes,No,,
CT-0439,ARRO Accounts Payable,NH-NORTHERN DUTCHESS ARCHERY - ARRO,,,,Ap@archeryretailers.com,No,Yes,,
CT-0440,NH-ARRO-NORTHERN DUTCHESS ARCHERY,NH-NORTHERN DUTCHESS ARCHERY - ARRO,,845 758 3651,,ap@archeryretailers.com,Yes,Yes,,
CT-0441,ARRO Accounts Payable,NH-PERCY TACKLE-LLCOTE - ARRO,,,,Ap@archeryretailers.com,No,Yes,,
CT-0442,SHAWN,NH-PERCY TACKLE-LLCOTE - ARRO,,603 482 7777 ext 116,,ap@archeryretailers.com,Yes,Yes,,
CT-0443,NH-PINNACLE SPORTS,NH-PINNACLE SPORTS - SI #1288,,603-790-8099,,dave@pinnaclesportsllc.com,Yes,No,,
CT-0444,Sports Inc,NH-PINNACLE SPORTS - SI #1288,,,,importinvoice@hq.sportsinc.com,No,Yes,,
CT-0445,NJ - Cheyenne Mountain Outfitters,NJ - Cheyenne Mountain Outfitters - SI #915,,604-570-8430,,cmoarchery@gmail.com,Yes,No,,
CT-0446,Sports Inc,NJ - Cheyenne Mountain Outfitters - SI #915,,,,importinvoice@hq.sportsinc.com,No,Yes,,
CT-0447,ARRO Accounts Payable,NJ-BOBS LITTLE SPORT SHOP - ARRO,,,,Ap@archeryretailers.com,No,Yes,,
CT-0448,NJ-ARRO-BOBS LITTLE SPORT SHOP,NJ-BOBS LITTLE SPORT SHOP - ARRO,,856-881-7575,,ap@archeryretailers.com,Yes,Yes,,
CT-0449,Mark Ormand,NM - Silver City Archery Co.,,575-313-4165,,m_ormand@hotmail.com,Yes,Yes,Brent Parker,
CT-0450,ARRO Accounts Payable,NM-ARCHERY SHOPPE - ARRO,,,,Ap@archeryretailers.com,No,Yes,,
CT-0451,NOBEL IS OWNER mark chavez,NM-ARCHERY SHOPPE - ARRO,,505 878 9768,,ap@archeryretailers.com,Yes,Yes,,
CT-0452,NM-HIGH DESERT ARCHERY,NM-HIGH DESERT ARCHERY - NABA,,575 527 2697,,case@highdesertarchery.com,Yes,No,,
CT-0453,NEIL OVERBAY,NM-HIT OR MISS ARCHERY - NABA,,505 200 9650,,hitormissarchery@gmail.com,Yes,No,,
CT-0454,BEN,NM-Hobbs Eagle Archery,,505-306-8498,,hobbseaglearchery@yahoo.com,Yes,No,,
CT-0455,AJ,NV-ACES&ARROWS ARCHERY,,702-778-4889,,aj@acesandarrows.com,Yes,No,,
CT-0456,NV-RENO SPARKS SCHEELS,NV-RENO SPARKS SCHEELS,,775-331-2700,,co_ap@scheels.com,Yes,No,,
CT-0457,BEN BRONSON,NY-BRONSON BRONSON - NABA - NBS 897,,613-545-0706,,BENBRONSON2017@HOTMAIL.COM,Yes,No,,
CT-0458,ARRO Accounts Payable,NY-ERIE TRACKER OUTFITTERS - ARRO #430,,,,Ap@archeryretailers.com,No,Yes,,
CT-0459,NY-ARRO-ERIE TRACKER OUTFITTERS#430,NY-ERIE TRACKER OUTFITTERS - ARRO #430,,905-834-9218,,ap@archeryretailers.com,Yes,Yes,,
CT-0460,EUGENE,NY-EXTREME ARCHERY - NABA,,(914) 777-7500,,tom.ardis@yahoo.com,Yes,No,,
CT-0461,ARRO Accounts Payable,NY-FLYING ARROW SPORTS CORP - ARRO #272,,,,Ap@archeryretailers.com,No,Yes,,
CT-0462,NY-ARRO-FLYING ARROW SPORTS CORP#272,NY-FLYING ARROW SPORTS CORP - ARRO #272,,845-228-5330,,ap@archeryretailers.com,Yes,Yes,,
CT-0463,JILL HEJZA,NY-HIDEAWAY ARCHERY,,716-532-2360,,hideawayarchery@aol.com,Yes,No,,
CT-0464,ARRO Accounts Payable,NY-KLEINS ARCHERY - ARRO,,,,Ap@archeryretailers.com,No,Yes,,
CT-0465,NY-ARRO KLEINS ARCHERY,NY-KLEINS ARCHERY - ARRO,,607-844-3474,,jguernsey001@twcny.rr.com,Yes,Yes,,
CT-0466,JEFF,NY-LEGENDS OF FALL OUTFITTERS  - NABA #270,,315-896-6766,,jeff@legendsoffall.com,Yes,No,,
CT-0467,ARRO Accounts Payable,NY-NORTHERN DUTCHESS ARCHERY - ARRO,,,,Ap@archeryretailers.com,No,Yes,,
CT-0468,NY-ARRO-NORTHERN DUTCHESS ARCHERY,NY-NORTHERN DUTCHESS ARCHERY - ARRO,,845-758-3651,,ap@archeryretailers.com,Yes,Yes,,
CT-0469,THOMAS,NY-NORTHERN RIDGE OUTDOORS,,716 772 7598,,northernridgeoutdoors1@gmail.com,Yes,No,,
CT-0470,JOSEPH,NY-Paese Precision Archery LLC,,,,paeseprecisionarchery@gmail.com,Yes,No,,
CT-0471,ARRO Accounts Payable,NY-RACK N REEL - ARRO,,,,Ap@archeryretailers.com,No,Yes,,
CT-0472,NY-ARRO-RACK N REEL,NY-RACK N REEL - ARRO,,802-453-2000,,ap@archeryretailers.com,Yes,Yes,,
CT-0473,ARRO Accounts Payable,NY-S & S ARCHERY INC - ARRO,,,,Ap@archeryretailers.com,No,Yes,,
CT-0474,Gregg,NY-S & S ARCHERY INC - ARRO,,716-925-7106,,ap@archeryretailers.com,Yes,Yes,,
CT-0475,ARRO Accounts Payable,NY-SMITH POINT SPORT - ARRO,,,,Ap@archeryretailers.com,No,Yes,,
CT-0476,JEFF schneider,NY-SMITH POINT SPORT - ARRO,,631-289-3399,,deer48@optonline.net,Yes,Yes,,
CT-0477,JAMI,NY-WHITNEYS HUNTING SUPPLY,,518 642 9570,,whitneyshuntingsupply@gmail.com,Yes,No,,
CT-0478,Nikolas Tamburello,NY-Wicked Flight Archery,AP,516-492-6770,,wickedflightarchery@gmail.com,Yes,Yes,Brent Parker,
CT-0479,William McLean,NY-Wicked Flight Archery,,516 368 4969,,wickedflightarchery@gmail.com,No,Yes,Brent Parker,
CT-0480,ARRO OFFICE,OH - McFadden Pharmacy RX Archery ARRO #570,,,,AP@archeryretailers.com,Yes,Yes,Brent Parker,
CT-0481,McFadden Pharmacy RX Archery,OH - McFadden Pharmacy RX Archery ARRO #570,,740-634-3231,,mcfpharm@horizonview.net,No,Yes,Brent Parker,
CT-0482,ARRO OFFICE,OH - McFadden Pharmacy RX Archery ARRO #570					,,,,AP@archeryretailers.com,Yes,Yes,Brent Parker,
CT-0483,McFadden Pharmacy RX Archery,OH - McFadden Pharmacy RX Archery ARRO #570					,,740-634-3231,,mcfpharm@horizonview.net,No,Yes,Brent Parker,
CT-0484,Larry Miller,OH - Miller's Gun Supply - SI # 1100,,3308520111,,1miller@msg1979.com,Yes,No,Brent Parker,
CT-0485,Sports Inc,OH - Miller's Gun Supply - SI # 1100,,,,importinvoice@hq.sportsinc.com,No,Yes,Brent Parker,
CT-0486,ARRO Accounts Payable,OH-A-A ARCHERY - ARRO,,,,Ap@archeryretailers.com,No,Yes,,
CT-0487,OH-ARRO-A-A ARCHERY,OH-A-A ARCHERY - ARRO,,740-552-5057,,ap@archeryretailers.com,Yes,Yes,,
CT-0488,WILL RICHMOND,OH-AMERICAN OUTDOORS - NABA,,330-878-2668,,will@allamericanoutdoorsllc.com,Yes,No,,
CT-0489,BOB,OH-BROKEN ARROW ARCHERY,,330-332-3055,,brokenarrowllc@outlook.com,Yes,No,,
CT-0490,Aaron Iding,OH-BROKEN RACK ARCHERY - NABA,,513-625-0148,5132189169,,Yes,No,,
CT-0491,BILL FAHL,OH-BUCKEYE ARCHERY SUPPLY,,740-701-0051,607-343-6526- BILLS C,ap@buckeyearcherysupply.com,Yes,No,,
CT-0492,OH-FIN FEATHER FUR OUTFITTERS,OH-FIN FEATHER FUR OUTFITTERS - NBS 33,,419-281-2557,,ap@finfeatherfuroutfitters.com,Yes,No,,
CT-0493,ARRO Accounts Payable,OH-HUNTERS OUTLET - ARRO,,,,Ap@archeryretailers.com,No,Yes,,
CT-0494,OH-ARRO-HUNTERS OUTLET,OH-HUNTERS OUTLET - ARRO,,330-628-1457,,ap@archeryretailers.com,Yes,Yes,,
CT-0495,ARRO Accounts Payable,OH-JNJ OUTDOORS - ARRO,,,,Ap@archeryretailers.com,No,Yes,,
CT-0496,OH-ARRO-JNJ OUTDOORS,OH-JNJ OUTDOORS - ARRO,,,,ap@archeryretailers.com,Yes,Yes,,
CT-0497,OH-MIKES ARCHERY,OH-MIKES ARCHERY,,740-532-0142,,Customerservice@mikesarchery.com,Yes,No,Brent Parker,
CT-0498,LUKE OSTOYIC,OH-OHIO PREMIER ARCHERY AND SPORTS,,440-632-8007,,lostoyic@ohiopremierarchery.com,Yes,No,,
CT-0499,PROFORMANCE ARCHERY,OH-PROFORMANCE ARCHERY NABA,,,,PROFORMANCEARCHERY@gmail.com,Yes,Yes,Brent Parker,
CT-0500,Tabitha Linscott,OH-RIVER EDGE OUTFITTERS GROUP LLC,,740-255-2100,,riversedge4331@gmail.com,Yes,No,,
CT-0501,OH-ROCK SOLID ARCHERY,OH-ROCK SOLID ARCHERY,,419-823-1600,,RVETELL@ROCKSOLIDARCHERY.COM,Yes,No,,
CT-0502,Mary Anne,OH-SPORTS JUNCTION INC,,440-466-0073,4404743050,sportsjunction90@gmail.com,Yes,No,,
CT-0503,"Jack, Al, Josh,",OH-SPORTSMANS DEN - SI #448,,419-347-3007,,josh@sportsmansden.com,Yes,No,,
CT-0504,Sports Inc,OH-SPORTSMANS DEN - SI #448,,,,importinvoice@hq.sportsinc.com,No,Yes,,
CT-0505,ARRO Accounts Payable,OH-THE ARCHERY SHOP - ARRO,,,,Ap@archeryretailers.com,No,Yes,,
CT-0506,BILL,OH-THE ARCHERY SHOP - ARRO,,419-628-2174,,ap@archeryretailers.com,Yes,Yes,,
CT-0507,ARRO Accounts Payable,OH-THE LEAD SHED LTD - ARRO,,,,Ap@archeryretailers.com,No,Yes,,
CT-0508,DAN,OH-THE LEAD SHED LTD - ARRO,,419-335-2131,,ap@archeryretailers.com,Yes,Yes,,
CT-0509,RAY WEASNER,OH-WEASNER ARCHERY LLC,,419-983-5743,,weasnerarchery@yahoo.com,Yes,No,,
CT-0510,HL Sports shop,OK - H.L.'s Sport Shop - NBS,,918 426 1268,,hlssport@yahoo.com,Yes,Yes,Brent Parker,
CT-0511,ARRO Accounts Payable,OK- TYBOWS ARCHERY - ARRO,,,,Ap@archeryretailers.com,No,Yes,,
CT-0512,Tyler Dameron,OK- TYBOWS ARCHERY - ARRO,,,,ap@archeryretailers.com,Yes,Yes,,
CT-0513,OK-BILLS SPORTING GOODS,OK-BILLS SPORTING GOODS - SI #665,,918-341-5388,,trent@billssportinggoods.com,Yes,No,,
CT-0514,Sports Inc,OK-BILLS SPORTING GOODS - SI #665,,,,importinvoice@hq.sportsinc.com,No,Yes,,
CT-0515,Gregg Perryman,OK-Canyon Road Outfitters,,9184783225,,gregg_1227@yahoo.com,Yes,Yes,Brent Parker,
CT-0516,HASKALL,OK-CHOCTAW ARCHERY,,405-281-5885,,choctawarchery@gmail.com,Yes,No,,
CT-0517,Gary Smith,OK-H & H SHOOTING SPORTS,,405 947 3888 X 162,,archerybuyer@hhokc.com,Yes,No,,
CT-0518,RUSSELL YOTT,OK-NOCKING POINT,,,,thenockingpoint@yahoo.com,Yes,No,,
CT-0519,BRYN CHAPMAN,OK-OKIE LAND BOWHUNTERS - NABA,,337-552-7671,,okielandbowhunters@gmail.com,Yes,No,,
CT-0520,DAVID McCoy,OK-PATS ARCHERY,,918-756-4632,,david@patsarcheryoutdoors.com,Yes,No,,
CT-0521,JEFF-BUYER,OK-POTEAU PAWN & GUN,,(918) 647-4400,,,Yes,No,,
CT-0522,OK-TULSA SCHEELS,OK-TULSA SCHEELS,,,,vendor_compliance@scheels.com,Yes,No,,
CT-0523,COLE BEEN,OK-TULSA TACKLE OUTDOORS,,(918) 664-5995,918-664-8081,cole@tulsatackleoutdoors.com,Yes,No,,
CT-0524,Omar Es-Sahli,Omar Es-Sahli,,6622283712,,Omar.es.sahli1@gmail.com,Yes,No,,
CT-0525,NICK,OR-ARCHERY WORLD,,503-489-5596,503-998-9734-NICK CEL,invoices@archeryworld.net,Yes,No,,
CT-0526,ARRO Accounts Payable,OR-ARRO-ARCHERY PAST,,,,Ap@archeryretailers.com,No,Yes,,
CT-0527,OR-ARRO-ARCHERY PAST,OR-ARRO-ARCHERY PAST,,503-913-1340,,riley@archerypast.com,Yes,No,,
CT-0528,OR-BEN'S ARCHERY,OR-BEN'S ARCHERY - NABA,,541-963-5871,,mrtec1@charter.net,Yes,No,,
CT-0529,CHUCK/jared,OR-BROKEN ARROW ARCHERY - NABA,,(503) 654-8012,,brokenarrowarchery@gmail.com,Yes,No,,
CT-0530,Matt,OR-DEWCLAW ARCHERY,,541-772-1896,,matt@dewclawarchery.com,Yes,No,,
CT-0531,KENNY PAYNE,OR-KUTCH ARCHERY,,503-852-7537,503-435-7648,,Yes,No,,
CT-0532,JOEL,OR-OUTDOORSMAN OREGON - NABA,,541-889-3135,,outdoorsman3135@yahoo.com,Yes,No,,
CT-0533,Ray,OR-PACIFIC CREST ARCHERY INC,,503-585-4547,,,Yes,No,,
CT-0534,ARRO Accounts Payable,OR-THE ARCHERY HUT - ARRO,,,,Ap@archeryretailers.com,No,Yes,,
CT-0535,OR-ARRO-THE ARCHERY HUT,OR-THE ARCHERY HUT - ARRO,,541-259-2697,,ap@archeryretailers.com,Yes,Yes,,
CT-0536,ARRO Accounts Payable,OR-THE BOW RACK - ARRO,,,,Ap@archeryretailers.com,No,Yes,,
CT-0537,wayne and lisa,OR-THE BOW RACK - ARRO,,541-746-9711,,ap@archeryretailers.com,Yes,Yes,,
CT-0538,OR-THE RILEY STORE,OR-THE RILEY STORE - NABA,,(541) 493-2527,,rileystorellc@gmail.com,Yes,No,,
CT-0539,Jason Folden,OR-Trinity Outdoors LLC,Owner,503-728-5039,,trinityoutdoorjk@gmail.com,Yes,Yes,Brent Parker,
CT-0540,ARRO Accounts Payable,PA-ARRO-LEGACY ARCHERY SHOP LLC,,,,Ap@archeryretailers.com,Yes,Yes,,
CT-0541,MICHAEL WISSEMAN,PA-ARROWHEAD OUTDOORS,,814-662-4321,301-268-1665  use thi,crossbowsales@comcast.net,Yes,No,,
CT-0542,NATE SELLERS,PA-AVERAGE JACK ARCHERY,,,,averagejackarchery@gmail.com,Yes,No,,
CT-0543,JASON BAKER,PA-BAKERS ARCHERY SUPPLY - NABA,,717-896-8090,,bakersarchery@yahoo.com,Yes,No,,
CT-0544,PA-BOWHUNTER'S SUPER,PA-BOWHUNTER'S SUPER,,717-432-3710,,Accounting@bowhunterssuperstore.com,Yes,No,,
CT-0545,ARRO Accounts Payable,PA-C&C ARCHERY - ARRO#521,,,,Ap@archeryretailers.com,No,Yes,,
CT-0546,PA-ARRO-C&C ARCHERY #521,PA-C&C ARCHERY - ARRO#521,,814-774-3337,,AP@archeryretailers.com,Yes,Yes,,
CT-0547,PA-DAVES ARCHERY,PA-DAVES ARCHERY - NABA,,814-725-1232,,djwbuckmaster@verizon.net,Yes,No,,
CT-0548,MITCHELL,PA-HERITAGE GUILD OF EASTON,,610 258 5500,,,Yes,No,,
CT-0549,PAT MALLOW,PA-JIMS SPORT CENTER - SI #591,,814-765-3582,,pat@jimssports.com,Yes,No,,
CT-0550,Sports Inc,PA-JIMS SPORT CENTER - SI #591,,,,importinvoice@hq.sportsinc.com,No,Yes,,
CT-0551,PA-TUNIATA TRADING CO,PA-JUNIATA TRADING CO - SI #1225,,814-658-5878,,jtcwew@yahoo.com,Yes,No,,
CT-0552,Sports Inc,PA-JUNIATA TRADING CO - SI #1225,,,,importinvoice@hq.sportsinc.com,No,Yes,,
CT-0553,PA-KINSEY'S,PA-KINSEY'S,,717-653-9074x 3032,,ap@kinseysinc.com,Yes,No,,
CT-0554,PA-LANCASTER,PA-LANCASTER,,717-656-7229,syoder@lancasterarche,"ap@lancasterarchery.com,cmlambo@lancasterarchery.com",Yes,No,,
CT-0555,RYAN JOBE,PA-LAUREL MOUNTAIN OUTFITTERS,,724-691-8454,,ryan@laurelmountainoutfitters.com,Yes,No,,
CT-0556,ARRO Accounts Payable,PA-LITTLE MOUNTAIN OUTFITTERS - ARRO,,,,Ap@archeryretailers.com,No,Yes,,
CT-0557,Terry,PA-LITTLE MOUNTAIN OUTFITTERS - ARRO,,,,terry@littlemountainoutfitters.com,Yes,No,,
CT-0558,PA-LONGS OUTPOST INC,PA-LONGS OUTPOST INC,,814-793-4930,,longsoutpost@atlanticbbn.net,Yes,No,,
CT-0559,PA-MACE FAMILY TRADITIONS,PA-MACE FAMILY TRADITIONS,,724-986-4168,,mmacehc@comcast.net,Yes,No,,
CT-0560,Bryce Bason,PA-Millers Gun Shop Inc - NBS,,570-726-3030,,bryce@millersgunshopinc.com,Yes,Yes,Brent Parker,
CT-0561,Ryan,PA-NATIONAL ARCHERY & OUTDOORS,,570-547-0440,,ryan@nationalsportingco.com,Yes,No,,
CT-0562,TODD SCHULTZ,PA-T&S ARCHERY,,570-784-9245,570-854-5697,shultz2031@yahoo.com,Yes,No,,
CT-0563,ARRO Accounts Payable,PA-WEAVERS ARCHERY LLC - ARRO,,,,Ap@archeryretailers.com,No,Yes,,
CT-0564,PA-ARRO-WEAVERS ARCHERY LLC,PA-WEAVERS ARCHERY LLC - ARRO,,570-837-1418,,ap@archeryretailers.com,Yes,Yes,,
CT-0565,TYLER KRAVITZ,PRO-STAFF-FLATLINEWHITETAILS,,571-637-4738,,FLATLINEWHITETAILS@YAHOO.COM,Yes,No,,
CT-0566,TRAVIS KLAIBER,PS-AMAZONRAINCHICKEN.COM,,,,,Yes,No,,
CT-0567,PS-ASA JONES,PS-ASA JONES,,,,,Yes,No,,
CT-0568,AUSTIN GILLIAM,PS-AUSTIN GILLIAM,,,,,Yes,No,,
CT-0569,PS-Bakari Dale,PS-Bakari Dale,,,,,Yes,No,,
CT-0570,PS-BILLY HIGGINS,PS-BILLY HIGGINS,,,,,Yes,No,,
CT-0571,PS-Brett Boven,PS-Brett Boven,,,,,Yes,No,,
CT-0572,PS-CAMERON STOUT,PS-CAMERON STOUT,,,,,Yes,No,,
CT-0573,PS-CHRIS LEE,PS-CHRIS LEE,,,,,Yes,No,,
CT-0574,PS-Chris Schelkopf,PS-Chris Schelkopf,,,,,Yes,No,,
CT-0575,PS-Dan Mallia,PS-Dan Mallia,,,,,Yes,No,,
CT-0576,PS-DANE PERCIVAL,PS-DANE PERCIVAL,,,,,Yes,No,,
CT-0577,PS-Dave Bechtel,PS-Dave Bechtel,,,,bechtd57@gmail.com,Yes,No,,
CT-0578,PS-DEREK CRAIG,PS-DEREK CRAIG,,,,,Yes,No,,
CT-0579,DEREK SCHMIDT,PS-DEREK SCHMIDT,,,,,Yes,No,,
CT-0580,PS-DON MASSA,PS-DON MASSA,,,,,Yes,No,,
CT-0581,PS-HUNTER BOUMA,PS-HUNTER BOUMA,,,,,Yes,No,,
CT-0582,PS-HUNTER MCDONALD,PS-HUNTER MCDONALD,,,,,Yes,No,,
CT-0583,PS-JACKSON SMITH,PS-JACKSON SMITH,,,,,Yes,No,,
CT-0584,PS-JASON LUNA,PS-JASON LUNA,,,,,Yes,No,,
CT-0585,PS-Jason Stumph,PS-Jason Stumph,,,,,Yes,No,,
CT-0586,PS-JEREMY ADKINS,PS-JEREMY ADKINS,,,,,Yes,No,,
CT-0587,PS-JEREMY BOYD,PS-JEREMY BOYD,,,,,Yes,No,,
CT-0588,PS-JEREMY HAWES,PS-JEREMY HAWES,,,,,Yes,No,,
CT-0589,JOE BROOKS,PS-JOE BROOKS,,,,,Yes,No,,
CT-0590,PS-KALYANN COOPER,PS-KALYANN COOPER,,,,,Yes,No,,
CT-0591,PS-KARTER KEEFER,PS-KARTER KEEFER,,,,,Yes,No,,
CT-0592,PS-KATHY OWEN,PS-KATHY OWEN,,,,,Yes,No,,
CT-0593,PS-Keegan Burns,PS-Keegan Burns,,,,brentparker@magnusbroadheads.com,Yes,No,,
CT-0594,PS-KURT GARNER,PS-KURT GARNER,,,,,Yes,No,,
CT-0595,PS-LORELEI GRACE,PS-LORELEI GRACE,,,,,Yes,No,,
CT-0596,PS-LORI FRYBARGER,PS-LORI FRYBARGER,,,,,Yes,No,,
CT-0597,PS-MADISON COLE,PS-MADISON COLE,,,,,Yes,No,,
CT-0598,MANUEL MELLOW,PS-MANUEL MELLOW JR,,,,,Yes,No,,
CT-0599,MARK T VAN METER,PS-MARK T VAN METER,,,,mtvanmeter@yahoo.com,Yes,No,,
CT-0600,PS-Mathew Hoglund,PS-Mathew Hoglund,,,,,Yes,No,,
CT-0601,PS-MATT OLSEN,PS-MATT OLSEN,,,,,Yes,No,,
CT-0602,PS-MATTHEW R CRISSMAN,PS-MATTHEW R CRISSMAN,,,,,Yes,No,,
CT-0603,PS-MIQUEL ACOSTA,PS-MIQUEL ACOSTA,,,,,Yes,No,,
CT-0604,PS-MITCHELL IVERSON,PS-MITCHELL IVERSON,,,,,Yes,No,,
CT-0605,PS-NICK DAWA,PS-NICK DAWA,,,,,Yes,No,,
CT-0606,PS-RICHARD BRITT,PS-RICHARD BRITT,,423-6671416,,,Yes,No,,
CT-0607,PS-RICK HAMMOND,PS-RICK HAMMOND,,,,,Yes,No,,
CT-0608,PS-ROBIN PARKS,PS-ROBIN PARKS,,,,,Yes,No,,
CT-0609,PS-ROGER MCDONALD,PS-ROGER MCDONALD,,,,,Yes,No,,
CT-0610,PS-RYAN ANDERSON,PS-RYAN ANDERSON,,,,,Yes,No,,
CT-0611,PS-STEVEN MEYER,PS-STEVEN MEYER,,,,,Yes,No,,
CT-0612,PS-TED FISCHER,PS-TED FISCHER,,,,,Yes,No,,
CT-0613,PS-TRAVIS BENNETT,PS-TRAVIS BENNETT,,,,,Yes,No,,
CT-0614,PS-TUCKER HAUSER,PS-TUCKER HAUSER,,,,thauser29036@gmail.com,Yes,No,,
CT-0615,PS-Vince Stutzman,PS-Vince Stutzman,,,,,Yes,No,,
CT-0616,PS-ZACH ZUMWALT,PS-ZACH ZUMWALT,,,,,Yes,No,,
CT-0617,Greg Lee,SC - Southern Equipment Service (DBA The Wood Shed),Owner,843-331-9979,,leegregcrystal@gmail.com,Yes,Yes,Brent Parker,
CT-0618,Greg Hughes,SC-HUNTERS HEADQUARTERS - SI #1072,,864 223 1911,,ghughes@huntersheadquarters.com,Yes,No,,
CT-0619,Sports Inc,SC-HUNTERS HEADQUARTERS - SI #1072,,,,importinvoice@hq.sportsinc.com,No,Yes,,
CT-0620,Zachary Mitchell,SC-Palmetto Precision Strings LLC,,843-742-3906,,palmettoprecisionstrings@gmail.com,Yes,Yes,Brent Parker,
CT-0621,MATT LUKAS,SC-SWAMP FOX ARCHERY,,843-425-6880,,,Yes,No,,
CT-0622,SD-ARCHERS ADDICTION LLC,SD-ARCHERS ADDICTION LLC,,605-759-7586,,mikeyboer@yahoo.com,Yes,No,,
CT-0623,ARRO Accounts Payable,SD-ARCHERY OUTFITTERS - ARRO,,,,Ap@archeryretailers.com,No,Yes,,
CT-0624,SD-ARCHERY OUTFITTERS,SD-ARCHERY OUTFITTERS - ARRO,,605-367-9871,,archeryfetters@live.com,Yes,Yes,,
CT-0625,ARRO Accounts Payable,SD-DAKOTA ARCHERY - ARRO,,,,Ap@archeryretailers.com,No,Yes,,
CT-0626,SCOTT AASE,SD-DAKOTA ARCHERY - ARRO,,,,ap@archeryretailers.com,Yes,Yes,,
CT-0627,SD-RAPID CITY SCHEELS,SD-RAPID CITY SCHEELS,,605-342-9033,,co_ap@scheels.com,Yes,No,,
CT-0628,brian klatt,SD-SIOUX FALLS SCHEELS,,605-334-7767,,co_ap@scheels.com,Yes,No,,
CT-0629,REDGE GRANT,SOUTH AFRICA-ARCHERS EDGE,,,,redge@archersedge.co.za,Yes,No,,
CT-0630,SPAIN-CEDISAR,SPAIN-CEDISAR,,34-985-111-444,,antcerra@cedisar.com,Yes,No,,
CT-0631,Stacey Reeves-Kisner,Stacey Reeves-Kisner,,,,Northgeorgiamartialarts@yahoo.com,Yes,No,,
CT-0632,Sports Inc,TN-BENTON SHOOTERS SUPPLY - SI #644,,,,importinvoice@hq.sportsinc.com,No,Yes,,
CT-0633,TN-BENTON SHOOTERS SUPPLY,TN-BENTON SHOOTERS SUPPLY - SI #644,,423-338-2008,,bssgunoffice@yahoo.com,Yes,No,,
CT-0634,JEFF LEDBETTER,TN-BOWHUNTERS PRO SHOP,,865-984-6111,,bowhuntersproshop@att.net,Yes,No,,
CT-0635,BRANDON HILL,TN-CUSTOM GEAR,,,,blhproperty@yahoo.com,Yes,No,,
CT-0636,Josh Jones,TN-NASHVILLE NORTH ARCHERY - PODIUM,,5099393850,,mfjjsva@gmail.com,Yes,No,Brent Parker,
CT-0637,GABE SUPINO,TN-PACKOUT SUPPLY LLC,OWNER,423 782 0211,,GABE@PACKOUTSUPPLY.COM,Yes,Yes,Brent Parker,
CT-0638,TN-TOM'S SPORTING GOODS,TN-TOM'S SPORTING GOODS,,423-581-3811,,,Yes,No,,
CT-0639,TX-ALVARADO ARCHERY,TX-ALVARADO ARCHERY - NABA,,817 783 7300,,tony@alvaradoarchery.com,Yes,No,,
CT-0640,Sports Inc,TX-ARCHERY COUNTRY - SI #970,,,,importinvoice@hq.sportsinc.com,No,Yes,,
CT-0641,"TYLER Vanderkolk, Owner",TX-ARCHERY COUNTRY - SI #970,,512-452-1222,,accounting@austinarcherycountry.com,Yes,No,,
CT-0642,DAVID,TX-ARCHERY OUTFITTERS INTERNATIONAL - NABA,,361-993-4868,,archeryoutfittersint@yahoo.com,Yes,No,,
CT-0643,ARRO ,TX-ARRO - Fort Grard Guns & Archery #590,,,,AP@archeryretailers.com,Yes,Yes,Brent Parker,
CT-0644,Fort Grard Guns & Archery ,TX-ARRO - Fort Grard Guns & Archery #590,,817-360-4015,,fortgrard@gmail.com,No,No,Brent Parker,
CT-0645,ORVIE CANTRELL JR,TX-BIG O'S ARCHERY - NABA,,903-870-2114,,bowdoctor@juno.com,Yes,No,,
CT-0646,TX-CALLENDER LAKE STORE LLC,TX-CALLENDER LAKE STORE LLC,,903-469-4012,,,Yes,No,,
CT-0647,kyle is buyer accounting ext 6,TX-CINNAMON CREEK RANCH - NBS 875,,817-439-8998/kyle,,nola@cinnamoncreekranch.com,Yes,No,,
CT-0648,MICHAEL PERRY,TX-DOMINION OUTFITTER,,,,manly.perry@gmail.com,Yes,No,,
CT-0649,ARRO Accounts Payable,TX-EAST TEXAS HARDWARE - ARRO,,,,Ap@archeryretailers.com,No,Yes,,
CT-0650,TX-ARRO-EAST TEXAS HARDWARE,TX-EAST TEXAS HARDWARE - ARRO,,,,ap@archeryretailers.com,Yes,Yes,,
CT-0651,JIM FAVER,TX-GATEWAY ARCHERY,,(817) 759-2220,,gwainvoices@gmail.com,Yes,No,,
CT-0652,AARON BARTON,TX-HOFFYS ARCHERY - NBS 625,,512-564-1000,,apbarton3898@hotmail.com,Yes,No,,
CT-0653,ROPER WALL,TX-LEGACY ARCHERY,,817-349-8345,,legacyarcherydfw@gmail.com,Yes,No,,
CT-0654,sam,TX-LIVE OAK ARCHERY,,979) 260-9831,,liveoakarchery@gmail.com,Yes,No,,
CT-0655,William Chambers,TX-LONE STAR / OUTLAW ARCHERY,,281-577-7297,,lonestararchery@yahoo.com,Yes,No,,
CT-0656,ARRO Accounts Payable,TX-MESQUITE ARCHERY - ARRO,,,,Ap@archeryretailers.com,No,Yes,,
CT-0657,javier,TX-MESQUITE ARCHERY - ARRO,,210-256-8004,,mesquitearchery@att.net,Yes,Yes,,
CT-0658,ARRO Accounts Payable,TX-NOCKED & LOADED - ARRO,,,,Ap@archeryretailers.com,No,Yes,,
CT-0659,sam beasley,TX-NOCKED & LOADED - ARRO,,512-556-4700,,Ap@archeryretailers.com,Yes,Yes,,
CT-0660,ARRO Accounts Payable,TX-ON TARGET - ARRO,,,,Ap@archeryretailers.com,No,Yes,,
CT-0661,bryan,TX-ON TARGET - ARRO,,903-865-8880,,Ap@archeryretailers.com,Yes,Yes,,
CT-0662,Donnie,TX-PRECISION ARCHERY - NABA,,409-735-5808,,,Yes,No,,
CT-0663,ROY,TX-R & C ARCHERY,,979 265 8301,,rcarchery@sbcglobal.net,Yes,No,,
CT-0664,Sports Inc,TX-SPORTSMANS FINEST LLC - SI #1427,,,,importinvoice@hq.sportsinc.com,No,Yes,,
CT-0665,taggart,TX-SPORTSMANS FINEST LLC - SI #1427,,(512) 263-1888,,john@sportsmansfinest.com,Yes,No,,
CT-0666,Joey,TX-TEXAS ARCHERY - NABA,,979-485-9950,,wjmbow@gmail.com,Yes,No,,
CT-0667,Will Chambers,TX-THE BOW ZONE,,281 443 0066,,texarchery@gmail.com,Yes,No,,
CT-0668,TX-THE COLONY SCHEELS,TX-THE COLONY SCHEELS,,jclutsinger@scheels.c,,CO_AP@scheels.com,Yes,No,,
CT-0669,mason or sam,TX-TRIPLE EDGE ARCHERY,,936-257-8981,,srussell@tripleesusa.com,Yes,No,,
CT-0670,GARY,TX-TROPHY HUNTERS ARCHERY,,409-658-7762,,ARCHERY05@LIVE.COM,Yes,No,,
CT-0671,Tim,TX-VIKING ARCHERY,,830-227-5171,,lannie.whiteford@gvtc.com,Yes,No,,
CT-0672,Rich,TX-WEST HOUSTON ARCHERY,,713-467-4800,,wharchery@gmail.com,No,No,,
CT-0673,shelly or greg,TX-WINCHESTER SPORTMANS OUTFITTERS - SI #1245,,903-759-0638,,,Yes,No,,
CT-0674,Sports Inc,TX-WINCHESTER SPORTMANS OUTFITTERS - SI #1245,,,,importinvoice@hq.sportsinc.com,No,Yes,,
CT-0675,Danny Villarreal,UT - Safari Tuff,Owner,801 361 5749,,help@safarituff.com,Yes,Yes,Brent Parker,
CT-0676,UT-PACIFIC FLYWAY WHOLESALE,UT-PACIFIC FLYWAY WHOLESALE,,,transportation@sports,pacflyinv@ipayables.com,Yes,No,Brent Parker,
CT-0677,UT-SANDY SCHEELS,UT-SANDY SCHEELS,,801-948-7080,,co_ap@scheels.com,Yes,No,,
CT-0678,UT-TOP OF UTAH ARCHERY LLC,UT-TOP OF UTAH ARCHERY LLC,,435-753-9610,,,Yes,No,,
CT-0679,MIKE,VA-DOUBLE X ARCHERY LLC - NABA,,(540) 206-0041,,,Yes,No,,
CT-0680,Gregory Kirtley,VA-FIVE ALARM ARCHERY,,540-414-2609,,fivealarmarchery@gmail.com,Yes,No,Brent Parker,
CT-0681,ARRO Accounts Payable,VA-HEARTLAND OUTFITTERS - ARRO,,,,Ap@archeryretailers.com,No,Yes,,
CT-0682,VA-ARRO-HEARTLAND OUTFITTERS,VA-HEARTLAND OUTFITTERS - ARRO,,540-879-2705,,ap@archeryretailers.com,Yes,Yes,,
CT-0683,VA-HOFFMAN ARCHERY INC,VA-HOFFMAN ARCHERY INC - NABA,,540-349-1631,,hoffmanarchery@comcast.net,Yes,No,,
CT-0684,STACY KNIGHTEN,VA-ROCKINGHAM COOPERATIVE - NBS 464,,540-434-3856,,"archery@rockinghamcoop.com,ap@rockinghamcoop.com",Yes,No,,
CT-0685,ARRO Accounts Payable,VA-WILCOX BAIT AND TACKLE - ARRO,,,,Ap@archeryretailers.com,No,Yes,,
CT-0686,Tom,VA-WILCOX BAIT AND TACKLE - ARRO,,757-595-5537,,ap@archeryretailers.com,Yes,Yes,,
CT-0687,VIP-DARRELL GOGERT,VIP-DARRELL GOGERT,,208-401-6634,,darrellgogert@yahoo.com,Yes,No,,
CT-0688,VIP-DAVE MICHEELS,VIP-DAVE MICHEELS,,308-631-2182,,,Yes,No,,
CT-0689,VIP-DOUG ARNOLD,VIP-DOUG ARNOLD,,719-368-9188,,,Yes,No,,
CT-0690,VIP-ERIN  Throckmorton,VIP-ERIN  Throckmorton,,,,,Yes,No,,
CT-0691,VIP-KEITH RIEHN,VIP-KEITH RIEHN,,,,,Yes,No,,
CT-0692,VIP-Ray Francingues,VIP-Ray Francingues,,,,ray_lisa20@hotmail.com,Yes,No,,
CT-0693,Dennis Pawlowski,VIP-TRINITY SPECIAL SPORTSMANS MINISTRIES,,813-389-3678,,trinitysportsmanfla@gmail.com,Yes,No,,
CT-0694,Chris,VT - R&L Archery - NBS 335,,(802) 479-9151,(802) 479-9151,rlorders@aol.com,Yes,No,Brent Parker,
CT-0695,ARRO Accounts Payable,VT-PELKEYS ARCHERY - ARRO #285,,,,Ap@archeryretailers.com,No,Yes,,
CT-0696,john is owner,VT-PELKEYS ARCHERY - ARRO #285,,802-524-2582,,john@pelkeysarchery.com,Yes,Yes,,
CT-0697,Sports Inc,VT-RACK N REEL - SI #1405,,,,importinvoice@hq.sportsinc.com,No,Yes,,
CT-0698,VT-RACK N REEL,VT-RACK N REEL - SI #1405,,(802) 453-2000,,john@racknreel.com,Yes,No,,
CT-0699,WA-ARCHERY WORLD,WA-ARCHERY WORLD,,(360) 693-7510,,,Yes,No,,
CT-0700,WA-BOB'S SPORTING GOODS,WA-BOB'S SPORTING GOODS - NABA,,360-425-3870,,darins@bobsmerch.com,Yes,No,,
CT-0701,WA-CROFT ARCHERY,WA-CROFT ARCHERY,,,,CROFTARCHERY@GMAIL.COM,Yes,No,,
CT-0702,WA-HOOKED ON TOYS,WA-HOOKED ON TOYS,,509-663-0740,,hotsoffice@gmail.com,Yes,No,,
CT-0703,CALEB BROWN,WA-Kennewick RANCH AND HOME - NBS 360,,509-737-1996,,caleb@ranch-home.com,Yes,No,,
CT-0704,WA-OBSESSION ARCHERY,WA-OBSESSION ARCHERY,,425-219-7285,,sparrow808@gmail.com,Yes,No,,
CT-0705,Josh Jones,WA-SPOKANE VALLEY ARCHERY - PODIUM,,,,mfjjsva@gmail.com,Yes,No,Brent Parker,
CT-0706,ANCHOR POINT ARCHERY,WI - ANCHOR POINT ARCHERY -ARRO,,,715-268-5250,anchorpoint@amerytel.net,No,No,Brent Parker,
CT-0707,ARRO INVOICE,WI - ANCHOR POINT ARCHERY -ARRO,,,,AP@archeryretailers.com,Yes,Yes,Brent Parker,
CT-0708,HADEN KUFAHL,WI - KUF CORP,,(920)342-3377,,SUCCESS@KUFCORP.COM,Yes,No,,
CT-0709,Andy Schneider,WI - Schneider Supplies Inc.,,920-988-4855,,andy@kufcorp.com,Yes,No,,
CT-0710,ARRO Accounts Payable,WI-A1 ARCHERY - ARRO,,,,Ap@archeryretailers.com,No,Yes,,
CT-0711,john,WI-A1 ARCHERY - ARRO,,715-386-1217,,ap@archeryretailers.com,Yes,Yes,,
CT-0712,andy,WI-APPLETON SCHEELS,,920-830-2977,,co_ap@scheels.com,Yes,No,,
CT-0713,ARRO Accounts Payable,WI-ARROWS IN THE SQUARE - ARRO #364,,,,Ap@archeryretailers.com,No,Yes,,
CT-0714,Mark,WI-ARROWS IN THE SQUARE - ARRO #364,,608-526-2609,,ap@archeryretailers.com,Yes,Yes,,
CT-0715,Brian- buyer,WI-BUCK RUB OUTFITTERS - NABA,,262-547-0535,,accounting@buckrubarchery.com,Yes,No,,
CT-0716,Jerry,WI-BUCKS AND BULLS,,,,bucksandbullsarchery@gmail.com,Yes,No,Brent Parker,
CT-0717,JUSTIN GAICHE,WI-CHASE OUTDOORS - SI #1283,,715-298-5118,,,Yes,No,,
CT-0718,Sports Inc,WI-CHASE OUTDOORS - SI #1283,,,,importinvoice@hq.sportsinc.com,No,Yes,,
CT-0719,ARRO Accounts Payable,WI-CRITTERS WOLF RIVER SPORTS - ARRO #603,,,,Ap@archeryretailers.com,No,Yes,,
CT-0720,WI-CRITTERS WOLF RIVER SPORTS,WI-CRITTERS WOLF RIVER SPORTS - ARRO #603,,920-582-0471,,critterssports@gmail.com,Yes,No,,
CT-0721,jeff miller,WI-EAU CLAIRE SCHEELS,,715-833-1886,,co_ap@scheels.com,Yes,No,,
CT-0722,STEVE PAGEL,WI-FORGE BOWS,,414-732-7400,,,Yes,No,,
CT-0723,ARRO Accounts Payable,WI-GRUNST ARCHERY - ARRO 99,,,,Ap@archeryretailers.com,No,Yes,,
CT-0724,WI-ARRO-GRUNST ARCHERY,WI-GRUNST ARCHERY - ARRO 99,,715-369-1419,,ap@archeryretailers.com,Yes,Yes,,
CT-0725,ARRO Accounts Payable,WI-HUNT N GEAR  - ARRO #373,,,,Ap@archeryretailers.com,No,Yes,,
CT-0726,WI-ARRO-HUNT N GEAR #373,WI-HUNT N GEAR  - ARRO #373,,608-743-4327,,AP@archeryretailers.com,Yes,Yes,,
CT-0727,ARRO Accounts Payable,WI-J'S ARCHERYPRO SHOP  - ARRO #418,,,,Ap@archeryretailers.com,No,Yes,,
CT-0728,Brian Vogel,WI-J'S ARCHERYPRO SHOP  - ARRO #418,,715-627-2697,,japostrysarchery@hotmail.com,Yes,Yes,,
CT-0729,WI-LACROSSE ARCHERY,WI-LACROSSE ARCHERY,,608-781-7752,,,Yes,No,,
CT-0730,ARRO Accounts Payable,WI-MOULDYS ARCHERY&TACKLE - ARRO #98,,,,Ap@archeryretailers.com,No,Yes,,
CT-0731,Will/sawyer,WI-MOULDYS ARCHERY&TACKLE - ARRO #98,,715-723-3607,,ap@archeryretailers.com,Yes,Yes,,
CT-0732,ARRO Accounts Payable,WI-PAPPAS TRADING POST - ARRO #440,,,,Ap@archeryretailers.com,No,Yes,,
CT-0733,JC OR RANDY,WI-PAPPAS TRADING POST - ARRO #440,,608-753-2022,,ap@archeryretailers.com,Yes,Yes,,
CT-0734,JOHN VERGERONT,WI-PET SUPPLY OUTLET DBA - NABA,,920-208-1027,,john@pettreats.com,Yes,No,,
CT-0735,Root River Archery,WI-Root River Archery - NABA,,,,info@rootriverarchery.com,Yes,Yes,Brent Parker,
CT-0736,BILL,WI-THE ALIVE LOOK TAXIDERMY,,608-583-3243,,,Yes,No,,
CT-0737,ARRO Accounts Payable,WI-WEST TOWN ARCHERY - ARRO,,,,Ap@archeryretailers.com,No,Yes,,
CT-0738,"PAUL, ROB, TED",WI-WEST TOWN ARCHERY - ARRO,,414-444-7944,,qb@westtownarchery.com,Yes,Yes,,
CT-0739,ROB,WI-WEST TOWN ARCHERY - ARRO,,,,buyer@westtownarchery.com,No,Yes,,
CT-0740,ARRO Accounts Payable,WI-WICKED ARCHERY LLC - ARRO,,,,Ap@archeryretailers.com,No,Yes,,
CT-0741,DON,WI-WICKED ARCHERY LLC - ARRO,,262-424-1708,,ap@archeryretailers.com,Yes,Yes,,
CT-0742,CHRIS SCATES,WI-WILDERNESS FISH &GAME,,,,chris@wildernessfishgame.com,Yes,No,,
CT-0743,Sports Inc ,"WV - FLAT TOP ARMS, INC. - SI #831",,,,importinvoice@hq.sportsinc.om,Yes,Yes,Brent Parker,
CT-0744,FRANK,WV-ADDINGTONS BOWHUNTER SHOP,,(304) 755-2085,,antiquesfloralsandmore@aol.com,Yes,No,,
CT-0745,KATE,WV-JAYS BAIT AND TACKLE,,304-530-6729,,jaysbaitandtackle@gmail.com,Yes,No,,
CT-0746,Carl and megan burns,WV-KNOBLEY FARM SPORTSHOP - NABA,,304 788 6304,,megan@knobleyfarm.com,Yes,No,,
CT-0747,MATT JESSE,WV-PC BAIT TACKLE - NABA,,304-466-1444,,pcbaits@frontier.com,Yes,No,,
CT-0748,WY-JASON OBERMILLER,WY-JASON OBERMILLER,,308-880-1457,,,Yes,No,,
CT-0749,Paul,PA-KINSEY'S,,,,,Yes,No,,
CT-0750,Brad,MILLS FLEET FARM,,,,,No,No,Brent Parker,
CT-0751,Shafali Ray,UT-PACIFIC FLYWAY WHOLESALE,,,,,Yes,No,Brent Parker,
CT-0752,Travis,AL-BENNETT'S ARCHERY,Manager,,,travis@bennettsarchery.com,Yes,No,Brent Parker,
CT-0753,B. Smith,AR-SLINGIN' ARROWS,,,,bsmithslinginarrows@gmail.com,Yes,No,Brent Parker,
CT-0754,Tom,IN-CUTTING EDGE SPORTING GOODS,,,,tom.cuttingedge@etczone.com,Yes,No,Brent Parker,
CT-0755,Jason,OH-FIN FEATHER FUR OUTFITTERS - NBS 33,,,,,Yes,No,Brent Parker,
CT-0756,Sean,MO-DENNY DENNIS SI #1420,,,,,No,No,Brent Parker,
CT-0757,Adrian,TX-WEST HOUSTON ARCHERY,,713-467-4800,,wharchery@gmail.com,Yes,Yes,Brent Parker,
CT-0758,Jordan,TX-ARCHERY COUNTRY - SI #970,,,,jjanecka@me.com,No,Yes,Brent Parker,
CT-0759,Tom,WI-WILDERNESS FISH &GAME,Accounts Payable,,,tom@wildernessfishgame.com,No,Yes,Brent Parker,
CT-0760,Matt,MN-H&H ARCHERY SUPPLY,,,,,No,Yes,Brent Parker,
