Reminder ID,Date Created,Company,Contact,Reminder,Due Date,Status,Notes
R-0001,2026-08-18,MILLS FLEET FARM,Brad,"Call back or email again — left voicemail, no answer.",2026-08-25,Open,
R-0002,2026-08-18,IL-GAMEMASTERS - NBS 321,Nick Ingalls,Call back — no response yet to $500 off / free shipping offer (ends 8/31).,2026-08-25,Open,
R-0003,2026-08-18,IL-STRICTLY ARCHERY - NABA,IL-STRICTLY ARCHERY,Call back — no response yet to $500 off / free shipping offer (ends 8/31).,2026-08-25,Open,
R-0004,2026-08-18,IN-HONEYCREEK TACKLE,Jake,Call back — no response yet to $500 off / free shipping offer (ends 8/31).,2026-08-25,Open,
R-0005,2026-08-18,MI-FPS ARCHERY,Jonathan Guerusey,Call back — no response yet to $500 off / free shipping offer (ends 8/31).,2026-08-25,Open,
R-0006,2026-08-18,MS-SIP Outdoors - NABA,Patrick McCraw,Call back — no response yet to $500 off / free shipping offer (ends 8/31).,2026-08-25,Open,
R-0007,2026-08-18,NY-SMITH POINT SPORT - ARRO,JEFF schneider,Call back — no response yet to $500 off / free shipping offer (ends 8/31).,2026-08-25,Open,
R-0008,2026-08-18,NY-BRONSON BRONSON - NABA - NBS 897,BEN BRONSON,Call back — no response yet to $500 off / free shipping offer (ends 8/31).,2026-08-25,Open,
R-0009,2026-08-18,OH-OHIO PREMIER ARCHERY AND SPORTS,LUKE OSTOYIC,Call back — no response yet to $500 off / free shipping offer (ends 8/31).,2026-08-25,Open,
R-0010,2026-08-18,NC-GRAFTON ARCHERY AND OUTDOORS,JOE DARNELL,Call back — no response yet to $500 off / free shipping offer (ends 8/31).,2026-08-25,Open,
R-0011,2026-08-18,PA-LONGS OUTPOST INC,PA-LONGS OUTPOST INC,Call back — no response yet to $500 off / free shipping offer (ends 8/31).,2026-08-25,Open,
R-0012,2026-08-18,PA-NATIONAL ARCHERY & OUTDOORS,Ryan,Call back — no response yet to $500 off / free shipping offer (ends 8/31).,2026-08-25,Open,
R-0013,2026-08-18,TN-BENTON SHOOTERS SUPPLY - SI #644,Kade,Call back — no response yet to $500 off / free shipping offer (ends 8/31).,2026-08-25,Open,
R-0014,2026-08-18,VT-PELKEYS ARCHERY - ARRO #285,john is owner,Call back — no response yet to $500 off / free shipping offer (ends 8/31).,2026-08-25,Open,
R-0015,2026-08-18,AZ-STICK SNIPER ARCHERY,CALEB BREWER,Call back — no response yet to $500 off / free shipping offer (ends 8/31).,2026-08-25,Done,"He responded — well-stocked, will reorder later this year. No callback needed now."
R-0016,2026-09-17,TX-NOCKED & LOADED - ARRO,sam beasley,Call back to find out if they need any product — was mid-conversation with someone else last time.,2026-09-24,Open,
R-0017,2026-09-17,IL-PIKE COUNTY ARCHERY - ARRO 280,Scott,"Call back — they were slammed last time, get their email and check on product needs.",2026-09-18,Open,
R-0018,2026-09-29,MT-BADGER ARCHERY - NABA,SARA PFLISTER,Catch up with Sarah at ATA in January — currently buys 1Z2Zs through Lancaster.,2027-01-05,Open,
R-0019,2026-09-29,MN-COYOTE CREEK OUTDOORS - SI #1217,Stacy,Follow up on a smaller order to get them through the rest of the year — plan for a bigger order early next year.,2026-10-20,Open,
